,u,v,key,osmid,bridge,oneway,length,geometry,service
0,2274872331,2274872200,0,218215447,yes,False,68.867,"LINESTRING (103.9125485 1.3940301, 103.9130235 1.3936325)",
1,2274872331,2274873645,0,218215447,yes,False,205.596,"LINESTRING (103.9125485 1.3940301, 103.9111185 1.3952027)",
2,6587709456,411102765,0,218215445,yes,False,46.091,"LINESTRING (103.9022357 1.4052749, 103.9024307 1.4056407)",
3,6587709456,2274884038,0,218215445,yes,False,35.456,"LINESTRING (103.9022357 1.4052749, 103.9020857 1.4049935)",
4,6587709457,2274884006,0,218215444,yes,False,38.61,"LINESTRING (103.9024702 1.4051499, 103.902302 1.4048461)",
5,6587709457,2274884357,0,218215444,yes,False,50.425,"LINESTRING (103.9024702 1.4051499, 103.9026898 1.4055467)",
6,2274883603,2274884044,0,173144836,yes,False,94.312,"LINESTRING (103.8968498 1.4041883, 103.8970791 1.4050049)",
7,2274883603,2274883463,0,173144836,yes,False,22.839,"LINESTRING (103.8968498 1.4041883, 103.8968137 1.4039861)",
8,2274878487,2274877959,0,218215447,yes,False,51.666,"LINESTRING (103.9060328 1.3994036, 103.9064012 1.3991203)",
9,2274878487,2274879233,0,218215447,yes,False,75.659,"LINESTRING (103.9060328 1.3994036, 103.9054789 1.399799)",
10,2274881571,411102702,0,173144841,yes,False,20.634,"LINESTRING (103.9002126 1.4018125, 103.9001179 1.4019721)",yard
11,2274881571,411102699,0,173144841,yes,False,25.354,"LINESTRING (103.9002126 1.4018125, 103.9002592 1.4015893)",yard
12,2274879526,2274880211,0,218215447,yes,False,94.684,"LINESTRING (103.9158693 1.3999709, 103.9151945 1.4004905)",
13,2274879526,2274878605,0,218215447,yes,False,93.448,"LINESTRING (103.9158693 1.3999709, 103.9165527 1.3994815)",
14,411685947,2274881749,0,218215448,yes,False,25.342,"LINESTRING (103.9013221 1.401825, 103.9011377 1.401959)",
15,411685947,411686025,0,218215448,yes,False,68.019,"LINESTRING (103.9013221 1.401825, 103.9018654 1.4015436)",
16,411685948,2274881959,0,218215448,yes,False,18.463,"LINESTRING (103.9010024 1.4021169, 103.9009367 1.4022694)",
17,411685948,2274881749,0,218215448,yes,False,23.119,"LINESTRING (103.9010024 1.4021169, 103.9011377 1.401959)",
18,411685949,2274882207,0,218215448,yes,False,16.952,"LINESTRING (103.9009003 1.4024403, 103.9009071 1.4025926)",
19,411685949,2274881959,0,218215448,yes,False,19.429,"LINESTRING (103.9009003 1.4024403, 103.9009367 1.4022694)",
20,2274882628,2274882753,0,218215438,yes,False,26.11,"LINESTRING (103.8979304 1.4030343, 103.8977422 1.4031748)",
21,2274882628,2274882519,0,218215440,yes,False,50.535,"LINESTRING (103.8979304 1.4030343, 103.8983604 1.4028868)",
22,2274882628,2274882650,0,218215441,yes,False,28.355,"LINESTRING (103.8979304 1.4030343, 103.8976765 1.4030588)",
23,2274884681,411102764,0,173144832,yes,False,125.449,"LINESTRING (103.9029617 1.4063676, 103.903494 1.4073624)",
24,2274884681,2274884600,0,218215445,yes,False,44.54,"LINESTRING (103.9029617 1.4063676, 103.9027672 1.4060174)",
25,2274884681,2274884738,0,218215448,yes,False,25.305,"LINESTRING (103.9029617 1.4063676, 103.9030218 1.4065871)",
26,2274875469,2274875623,0,218215447,yes,False,27.155,"LINESTRING (103.9181794 1.397655, 103.9181895 1.397899)",
27,2274875469,2274875340,0,218215447,yes,False,27.959,"LINESTRING (103.9181794 1.397655, 103.9181057 1.3974146)",
28,2274876505,2274876620,0,218215447,yes,False,21.559,"LINESTRING (103.9179891 1.3984272, 103.9178542 1.3985665)",
29,2274876505,2274876348,0,218215447,yes,False,19.042,"LINESTRING (103.9179891 1.3984272, 103.9180847 1.3982851)",
30,2274882650,2274882756,0,173144836,yes,False,39.512,"LINESTRING (103.8976765 1.4030588, 103.8973419 1.4031787)",
31,2274882650,411102710,0,173144836,yes,False,102.557,"LINESTRING (103.8976765 1.4030588, 103.8985451 1.4027479)",
32,2274882650,2274882628,0,218215441,yes,False,28.355,"LINESTRING (103.8976765 1.4030588, 103.8979304 1.4030343)",
33,5435063398,2274884949,0,173144832,yes,False,44.625,"LINESTRING (103.9019784 1.4156687, 103.9017269 1.4153559)",
34,5435063398,1712357001,0,173144832,yes,False,10.317,"LINESTRING (103.9019784 1.4156687, 103.9020426 1.4157357)",
35,2274881651,2274881393,0,218215447,yes,False,66.54,"LINESTRING (103.9013526 1.4018583, 103.9018846 1.401584)",
36,2274881651,2274881770,0,218215447,yes,False,23.113,"LINESTRING (103.9013526 1.4018583, 103.9011864 1.4019832)",
37,2274875509,2274875267,0,218215447,yes,False,77.302,"LINESTRING (103.9080459 1.3977237, 103.9085976 1.3973005)",
38,2274875509,2274876853,0,218215447,yes,False,172.031,"LINESTRING (103.9080459 1.3977237, 103.9068521 1.3987082)",
39,2274884731,2274884770,0,173144836,yes,False,42.635,"LINESTRING (103.8975939 1.4065386, 103.8977315 1.4068965)",
40,2274884731,2274884602,0,173144836,yes,False,61.726,"LINESTRING (103.8975939 1.4065386, 103.8973899 1.4060223)",
41,411686017,2274871868,0,218215448,yes,False,26.515,"LINESTRING (103.9137856 1.3929457, 103.9135928 1.3930861)",
42,411686017,411686469,0,218215448,yes,False,28.511,"LINESTRING (103.9137856 1.3929457, 103.9140083 1.3928185)",
43,2274884738,2274884753,0,218215448,yes,False,10.847,"LINESTRING (103.9030218 1.4065871, 103.9030592 1.4066772)",
44,2274884738,2274884681,0,218215448,yes,False,25.305,"LINESTRING (103.9030218 1.4065871, 103.9029617 1.4063676)",
45,411686018,2274874260,0,218215448,yes,False,142.343,"LINESTRING (103.9110583 1.3951262, 103.9100725 1.3959432)",
46,411686018,1839721776,0,218215448,yes,False,205.972,"LINESTRING (103.9110583 1.3951262, 103.9124907 1.3939512)",
47,411686020,2274876754,0,218215448,yes,False,173.511,"LINESTRING (103.9080237 1.3976891, 103.9068101 1.3986704)",
48,411686020,1839721834,0,218215448,yes,False,106.686,"LINESTRING (103.9080237 1.3976891, 103.9087405 1.3970511)",
49,411686022,411686023,0,218215448,yes,False,39.956,"LINESTRING (103.9052588 1.3998348, 103.9049539 1.4000251)",
50,411686022,1839721781,0,218215448,yes,False,98.665,"LINESTRING (103.9052588 1.3998348, 103.9059813 1.3993194)",
51,2274874503,2274874671,0,218215443,yes,False,53.644,"LINESTRING (103.9099102 1.3961393, 103.9095244 1.3964291)",
52,2274874503,2274874260,0,218215443,yes,False,28.301,"LINESTRING (103.9099102 1.3961393, 103.9100725 1.3959432)",
53,411686024,411686025,0,218215448,yes,False,42.398,"LINESTRING (103.9022066 1.4013732, 103.9018654 1.4015436)",
54,411686024,2274880216,0,218215448,yes,False,220.293,"LINESTRING (103.9022066 1.4013732, 103.903986 1.4005011)",
55,411686025,411685947,0,218215448,yes,False,68.019,"LINESTRING (103.9018654 1.4015436, 103.9013221 1.401825)",
56,411686025,411686024,0,218215448,yes,False,42.398,"LINESTRING (103.9018654 1.4015436, 103.9022066 1.4013732)",
57,411686023,2274880216,0,218215448,yes,False,119.908,"LINESTRING (103.9049539 1.4000251, 103.903986 1.4005011)",
58,411686023,411686022,0,218215448,yes,False,39.956,"LINESTRING (103.9049539 1.4000251, 103.9052588 1.3998348)",
59,2274878605,2274879526,0,218215447,yes,False,93.448,"LINESTRING (103.9165527 1.3994815, 103.9158693 1.3999709)",
60,2274878605,2274877681,0,218215447,yes,False,94.842,"LINESTRING (103.9165527 1.3994815, 103.9172612 1.3990063)",
61,2274884753,2274884795,0,218215448,yes,False,76.905,"LINESTRING (103.9030592 1.4066772, 103.9033664 1.4072969)",
62,2274884753,2274884738,0,218215448,yes,False,10.847,"LINESTRING (103.9030592 1.4066772, 103.9030218 1.4065871)",
63,2274884762,2274884778,0,218215447,yes,False,39.903,"LINESTRING (103.9063761 1.4068067, 103.9060579 1.4069728)",
64,2274884762,2274884607,0,218215447,yes,False,151.362,"LINESTRING (103.9063761 1.4068067, 103.9074971 1.406034)",
65,2274884769,411102724,0,173144832,yes,False,42.582,"LINESTRING (103.897767 1.4068883, 103.8976318 1.40653)",
66,2274884769,2274884807,0,173144832,yes,False,76.694,"LINESTRING (103.897767 1.4068883, 103.8980494 1.4075176)",
67,2274884770,2274884810,0,173144836,yes,False,77.678,"LINESTRING (103.8977315 1.4068965, 103.8979893 1.4075458)",
68,2274884770,2274884731,0,173144836,yes,False,42.635,"LINESTRING (103.8977315 1.4068965, 103.8975939 1.4065386)",
69,2274879651,1839721821,0,218215448,yes,False,94.169,"LINESTRING (103.9159226 1.4000502, 103.9166075 1.3995518)",
70,2274879651,411686459,0,218215448,yes,False,94.203,"LINESTRING (103.9159226 1.4000502, 103.9152176 1.4005203)",
71,2274883752,2274883438,0,218215444,yes,False,57.143,"LINESTRING (103.9019645 1.4043864, 103.9017148 1.4039372)",
72,2274883752,2274884006,0,218215444,yes,False,63.407,"LINESTRING (103.9019645 1.4043864, 103.902302 1.4048461)",
73,2274884778,2274884805,0,218215447,yes,False,137.821,"LINESTRING (103.9060579 1.4069728, 103.9049399 1.4075086)",
74,2274884778,2274884762,0,218215447,yes,False,39.903,"LINESTRING (103.9060579 1.4069728, 103.9063761 1.4068067)",
75,2274876589,2274875129,0,173144843,yes,False,182.393,"LINESTRING (103.8987615 1.3985223, 103.8980003 1.3970692)",yard
76,2274876589,2274881157,0,173144843,yes,False,333.28,"LINESTRING (103.8987615 1.3985223, 103.9002017 1.4011511)",yard
77,2274884782,2274884573,0,218215444,yes,False,141.5,"LINESTRING (103.9034045 1.4070234, 103.9027954 1.405906)",
78,2274884782,2274884791,0,218215447,yes,False,27.848,"LINESTRING (103.9034045 1.4070234, 103.9035684 1.4072128)",
79,2274884782,2274884820,0,601849934,yes,False,97.233,"LINESTRING (103.9034045 1.4070234, 103.9038273 1.4077889)",
80,2274879665,2274879233,0,218215447,yes,False,63.356,"LINESTRING (103.9049752 1.4000656, 103.9054789 1.399799)",
81,2274879665,2274880250,0,218215447,yes,False,120.544,"LINESTRING (103.9049752 1.4000656, 103.9039999 1.4005395)",
82,2274872498,2274872287,0,218215448,yes,False,68.341,"LINESTRING (103.9160716 1.3944034, 103.915698 1.3939153)",
83,2274872498,1839721882,0,218215448,yes,False,79.567,"LINESTRING (103.9160716 1.3944034, 103.9164862 1.3949867)",
84,2274884791,2274884782,0,218215447,yes,False,27.848,"LINESTRING (103.9035684 1.4072128, 103.9034045 1.4070234)",
85,2274884791,2274884801,0,218215447,yes,False,39.614,"LINESTRING (103.9035684 1.4072128, 103.9038372 1.4074467)",
86,2274884795,2274884812,0,218215448,yes,False,36.611,"LINESTRING (103.9033664 1.4072969, 103.9035231 1.4075865)",
87,2274884795,2274884753,0,218215448,yes,False,76.905,"LINESTRING (103.9033664 1.4072969, 103.9030592 1.4066772)",
88,2274883772,2274883899,0,218215445,yes,False,24.686,"LINESTRING (103.9018835 1.4044217, 103.9019595 1.4046303)",
89,2274883772,2274883439,0,218215445,yes,False,61.546,"LINESTRING (103.9018835 1.4044217, 103.9016149 1.4039377)",
90,242964669,1839722271,0,173144843,yes,False,24.43,"LINESTRING (103.8942862 1.3960993, 103.8945043 1.3960723)",yard
91,2274882752,2274883007,0,218215447,yes,False,57.244,"LINESTRING (103.9114899 1.4031732, 103.911066 1.4034655)",
92,2274882752,2274882337,0,218215447,yes,False,77.176,"LINESTRING (103.9114899 1.4031732, 103.9120296 1.4027366)",
93,2274884801,2274884791,0,218215447,yes,False,39.614,"LINESTRING (103.9038372 1.4074467, 103.9035684 1.4072128)",
94,2274884801,5702120064,0,218215447,yes,False,11.124,"LINESTRING (103.9038372 1.4074467, 103.9039291 1.4074863)",
95,2274882753,2274882492,0,173144832,yes,False,101.88,"LINESTRING (103.8977422 1.4031748, 103.8986071 1.4028717)",
96,2274882753,2274882847,0,173144832,yes,False,32.89,"LINESTRING (103.8977422 1.4031748, 103.897463 1.4032727)",
97,2274882753,2274882628,0,218215438,yes,False,26.11,"LINESTRING (103.8977422 1.4031748, 103.8979304 1.4030343)",
98,2274882756,2274882862,0,173144836,yes,False,27.232,"LINESTRING (103.8973419 1.4031787, 103.8971268 1.4032959)",
99,2274882756,2274882650,0,173144836,yes,False,39.512,"LINESTRING (103.8973419 1.4031787, 103.8976765 1.4030588)",
100,2274884805,2274884813,0,218215447,yes,False,32.451,"LINESTRING (103.9049399 1.4075086, 103.9046591 1.4075884)",
101,2274884805,2274884778,0,218215447,yes,False,137.821,"LINESTRING (103.9049399 1.4075086, 103.9060579 1.4069728)",
102,2274884807,2274884769,0,173144832,yes,False,76.694,"LINESTRING (103.8980494 1.4075176, 103.897767 1.4068883)",
103,2274884807,1839721918,0,173144832,yes,False,159.115,"LINESTRING (103.8980494 1.4075176, 103.8987198 1.4087819)",
104,2274884810,2274884838,0,173144836,yes,False,158.242,"LINESTRING (103.8979893 1.4075458, 103.8986379 1.4088126)",
105,2274884810,2274884770,0,173144836,yes,False,77.678,"LINESTRING (103.8979893 1.4075458, 103.8977315 1.4068965)",
106,2274873547,2274873995,0,218215447,yes,False,85.438,"LINESTRING (103.916373 1.3950164, 103.9168561 1.395614)",
107,2274873547,2274872534,0,218215447,yes,False,75.959,"LINESTRING (103.916373 1.3950164, 103.9159801 1.3944575)",
108,2274884811,5702120064,0,218215447,yes,False,22.871,"LINESTRING (103.904118 1.4075678, 103.9039291 1.4074863)",
109,2274884811,2274884817,0,218215447,yes,False,32.493,"LINESTRING (103.904118 1.4075678, 103.9044066 1.4076142)",
110,2274884812,2274884821,0,218215448,yes,False,26.557,"LINESTRING (103.9035231 1.4075865, 103.9036488 1.4077896)",
111,2274884812,2274884795,0,218215448,yes,False,36.611,"LINESTRING (103.9035231 1.4075865, 103.9033664 1.4072969)",
112,4285849806,2274884353,0,218215447,yes,False,32.106,"LINESTRING (103.9083654 1.4053673, 103.9081329 1.4055386)",
113,4285849806,2274884054,0,218215447,yes,False,54.942,"LINESTRING (103.9083654 1.4053673, 103.9087633 1.4050742)",
114,2274884813,2274884817,0,218215447,yes,False,28.215,"LINESTRING (103.9046591 1.4075884, 103.9044066 1.4076142)",
115,2274884813,2274884805,0,218215447,yes,False,32.451,"LINESTRING (103.9046591 1.4075884, 103.9049399 1.4075086)",
116,2274876620,2274877681,0,218215447,yes,False,82.079,"LINESTRING (103.9178542 1.3985665, 103.9172612 1.3990063)",
117,2274876620,2274876505,0,218215447,yes,False,21.559,"LINESTRING (103.9178542 1.3985665, 103.9179891 1.3984272)",
118,2274884817,2274884811,0,218215447,yes,False,32.493,"LINESTRING (103.9044066 1.4076142, 103.904118 1.4075678)",
119,2274884817,2274884813,0,218215447,yes,False,28.215,"LINESTRING (103.9044066 1.4076142, 103.9046591 1.4075884)",
120,2274884820,2274884782,0,601849934,yes,False,97.233,"LINESTRING (103.9038273 1.4077889, 103.9034045 1.4070234)",
121,2274884820,6532012975,0,601849934,yes,False,166.828,"LINESTRING (103.9038273 1.4077889, 103.9045758 1.4090893)",
122,2274881749,411685948,0,218215448,yes,False,23.119,"LINESTRING (103.9011377 1.401959, 103.9010024 1.4021169)",
123,2274881749,411685947,0,218215448,yes,False,25.342,"LINESTRING (103.9011377 1.401959, 103.9013221 1.401825)",
124,2274884821,2274884824,0,218215448,yes,False,23.194,"LINESTRING (103.9036488 1.4077896, 103.903779 1.4079526)",
125,2274884821,2274884812,0,218215448,yes,False,26.557,"LINESTRING (103.9036488 1.4077896, 103.9035231 1.4075865)",
126,2274872534,2274873547,0,218215447,yes,False,75.959,"LINESTRING (103.9159801 1.3944575, 103.916373 1.3950164)",
127,2274872534,2274872290,0,218215447,yes,False,70.575,"LINESTRING (103.9159801 1.3944575, 103.9156439 1.3939191)",
128,2274884824,2274884826,0,218215448,yes,False,17.731,"LINESTRING (103.903779 1.4079526, 103.903913 1.4080391)",
129,2274884824,2274884821,0,218215448,yes,False,23.194,"LINESTRING (103.903779 1.4079526, 103.9036488 1.4077896)",
130,2274884826,2274884828,0,218215448,yes,False,17.075,"LINESTRING (103.903913 1.4080391, 103.9040551 1.4080974)",
131,2274884826,2274884824,0,218215448,yes,False,17.731,"LINESTRING (103.903913 1.4080391, 103.903779 1.4079526)",
132,2274884827,411686452,0,218215448,yes,False,16.612,"LINESTRING (103.9045461 1.4080764, 103.9046747 1.4080003)",
133,2274884827,2274884829,0,218215448,yes,False,19.169,"LINESTRING (103.9045461 1.4080764, 103.9043803 1.4081238)",
134,2274884828,2274884830,0,218215448,yes,False,19.298,"LINESTRING (103.9040551 1.4080974, 103.9042254 1.4081311)",
135,2274884828,2274884826,0,218215448,yes,False,17.075,"LINESTRING (103.9040551 1.4080974, 103.903913 1.4080391)",
136,2274884829,2274884827,0,218215448,yes,False,19.169,"LINESTRING (103.9043803 1.4081238, 103.9045461 1.4080764)",
137,2274884829,2274884830,0,218215448,yes,False,17.238,"LINESTRING (103.9043803 1.4081238, 103.9042254 1.4081311)",
138,2274884830,2274884829,0,218215448,yes,False,17.238,"LINESTRING (103.9042254 1.4081311, 103.9043803 1.4081238)",
139,2274884830,2274884828,0,218215448,yes,False,19.298,"LINESTRING (103.9042254 1.4081311, 103.9040551 1.4080974)",
140,2274882786,2274882440,0,218215448,yes,False,78.615,"LINESTRING (103.9115091 1.4032048, 103.9120932 1.4028062)",
141,2274882786,411686457,0,218215448,yes,False,55.961,"LINESTRING (103.9115091 1.4032048, 103.9110983 1.4034957)",
142,2274875620,242967334,0,173144841,yes,False,39.83,"LINESTRING (103.8983275 1.3978938, 103.8985281 1.3981906)",yard
143,2274875620,2274875385,0,173144841,yes,False,48.012,"LINESTRING (103.8983275 1.3978938, 103.89813 1.3975098)",yard
144,2274884838,2274884851,0,173144836,yes,False,71.757,"LINESTRING (103.8986379 1.4088126, 103.8989649 1.409369)",
145,2274884838,2274884810,0,173144836,yes,False,158.242,"LINESTRING (103.8986379 1.4088126, 103.8979893 1.4075458)",
146,2274875623,2274875914,0,218215447,yes,False,24.888,"LINESTRING (103.9181895 1.397899, 103.9181457 1.3981185)",
147,2274875623,2274875469,0,218215447,yes,False,27.155,"LINESTRING (103.9181895 1.397899, 103.9181794 1.397655)",
148,4946665704,5379987383,0,173144836,yes,False,12.734,"LINESTRING (103.9062269 1.4171133, 103.9061235 1.4171626)",
149,4946665704,5843925904,0,601849934,yes,False,22.622,"LINESTRING (103.9062269 1.4171133, 103.9064079 1.4170203)",
150,2274881770,2274881651,0,218215447,yes,False,23.113,"LINESTRING (103.9011864 1.4019832, 103.9013526 1.4018583)",
151,2274881770,2274881864,0,218215447,yes,False,21.851,"LINESTRING (103.9011864 1.4019832, 103.9010666 1.402139)",
152,2274877681,2274878605,0,218215447,yes,False,94.842,"LINESTRING (103.9172612 1.3990063, 103.9165527 1.3994815)",
153,2274877681,2274876620,0,218215447,yes,False,82.079,"LINESTRING (103.9172612 1.3990063, 103.9178542 1.3985665)",
154,2274884850,1839721918,0,173144832,yes,False,70.512,"LINESTRING (103.8989996 1.409351, 103.8987198 1.4087819)",
155,2274884850,411102726,0,173144832,yes,False,198.36,"LINESTRING (103.8989996 1.409351, 103.8998586 1.4109146)",
156,2274884851,2274884865,0,173144836,yes,False,196.486,"LINESTRING (103.8989649 1.409369, 103.8997641 1.4109451)",
157,2274884851,2274884838,0,173144836,yes,False,71.757,"LINESTRING (103.8989649 1.409369, 103.8986379 1.4088126)",
158,2274884858,6532012975,0,601849934,yes,False,98.783,"LINESTRING (103.905019 1.4098593, 103.9045758 1.4090893)",
159,2274884858,2274884866,0,601849934,yes,False,201.203,"LINESTRING (103.905019 1.4098593, 103.9059499 1.4114111)",
160,2274874620,2274874316,0,173144843,yes,False,40.51,"LINESTRING (103.8975878 1.3963397, 103.8974136 1.3960197)",yard
161,2274874620,2274874920,0,173144843,yes,False,53.195,"LINESTRING (103.8975878 1.3963397, 103.8978332 1.3967504)",yard
162,2274884865,2274884867,0,173144836,yes,False,130.64,"LINESTRING (103.8997641 1.4109451, 103.9003219 1.4119792)",
163,2274884865,2274884851,0,173144836,yes,False,196.486,"LINESTRING (103.8997641 1.4109451, 103.8989649 1.409369)",
164,2274884866,2274884858,0,601849934,yes,False,201.203,"LINESTRING (103.9059499 1.4114111, 103.905019 1.4098593)",
165,2274884866,2274884868,0,601849934,yes,False,109.703,"LINESTRING (103.9059499 1.4114111, 103.9064437 1.4122653)",
166,2274884867,2274884869,0,173144836,yes,False,43.661,"LINESTRING (103.9003219 1.4119792, 103.9005228 1.4123166)",
167,2274884867,2274884865,0,173144836,yes,False,130.64,"LINESTRING (103.9003219 1.4119792, 103.8997641 1.4109451)",
168,2274884868,2274884866,0,601849934,yes,False,109.703,"LINESTRING (103.9064437 1.4122653, 103.9059499 1.4114111)",
169,2274884868,6532012974,0,601849934,yes,False,151.947,"LINESTRING (103.9064437 1.4122653, 103.9070486 1.4134907)",
170,2274884869,2274884872,0,173144836,yes,False,27.055,"LINESTRING (103.9005228 1.4123166, 103.9006233 1.4125382)",
171,2274884869,2274884867,0,173144836,yes,False,43.661,"LINESTRING (103.9005228 1.4123166, 103.9003219 1.4119792)",
172,2274884872,2274884873,0,173144836,yes,False,53.935,"LINESTRING (103.9006233 1.4125382, 103.9008238 1.4129799)",
173,2274884872,2274884869,0,173144836,yes,False,27.055,"LINESTRING (103.9006233 1.4125382, 103.9005228 1.4123166)",
174,2274884873,2274884876,0,173144836,yes,False,243.405,"LINESTRING (103.9008238 1.4129799, 103.9014687 1.4150718)",
175,2274884873,2274884872,0,173144836,yes,False,53.935,"LINESTRING (103.9008238 1.4129799, 103.9006233 1.4125382)",
176,2274884874,6532012974,0,601849934,yes,False,128.824,"LINESTRING (103.9075719 1.4145244, 103.9070486 1.4134907)",
177,2274884874,2274884875,0,601849934,yes,False,47.175,"LINESTRING (103.9075719 1.4145244, 103.9077164 1.4149233)",
178,2274884875,2274884874,0,601849934,yes,False,47.175,"LINESTRING (103.9077164 1.4149233, 103.9075719 1.4145244)",
179,2274884875,2274884946,0,601849934,yes,False,31.789,"LINESTRING (103.9077164 1.4149233, 103.9077956 1.415198)",
180,2274884876,2274884945,0,173144836,yes,False,18.306,"LINESTRING (103.9014687 1.4150718, 103.90154 1.4152202)",
181,2274884876,2274884873,0,173144836,yes,False,243.405,"LINESTRING (103.9014687 1.4150718, 103.9008238 1.4129799)",
182,2274884877,411102732,0,173144832,yes,False,22.411,"LINESTRING (103.9016281 1.4152094, 103.9015465 1.4150251)",
183,2274884877,2274884949,0,173144832,yes,False,19.647,"LINESTRING (103.9016281 1.4152094, 103.9017269 1.4153559)",
184,2274882847,2274882753,0,173144832,yes,False,32.89,"LINESTRING (103.897463 1.4032727, 103.8977422 1.4031748)",
185,2274882847,2274882934,0,173144832,yes,False,28.056,"LINESTRING (103.897463 1.4032727, 103.897235 1.4033809)",
186,2274873645,2274872331,0,218215447,yes,False,205.596,"LINESTRING (103.9111185 1.3952027, 103.9125485 1.3940301)",
187,2274873645,2274874317,0,218215447,yes,False,143.155,"LINESTRING (103.9111185 1.3952027, 103.9101243 1.396021)",
188,2274882862,2274882961,0,173144836,yes,False,19.748,"LINESTRING (103.8971268 1.4032959, 103.8970018 1.4034221)",
189,2274882862,2274882756,0,173144836,yes,False,27.232,"LINESTRING (103.8971268 1.4032959, 103.8973419 1.4031787)",
190,2274874671,2274874856,0,218215443,yes,False,35.06,"LINESTRING (103.9095244 1.3964291, 103.9093106 1.3966609)",
191,2274874671,2274874503,0,218215443,yes,False,53.644,"LINESTRING (103.9095244 1.3964291, 103.9099102 1.3961393)",
192,1839721776,411686018,0,218215448,yes,False,205.972,"LINESTRING (103.9124907 1.3939512, 103.9110583 1.3951262)",
193,1839721776,2274872182,0,218215448,yes,False,67.798,"LINESTRING (103.9124907 1.3939512, 103.9129659 1.393569)",
194,1839721781,411686022,0,218215448,yes,False,98.665,"LINESTRING (103.9059813 1.3993194, 103.9052588 1.3998348)",
195,1839721781,2274876754,0,218215448,yes,False,117.03,"LINESTRING (103.9059813 1.3993194, 103.9068101 1.3986704)",
196,2274883899,2274884038,0,218215445,yes,False,42.753,"LINESTRING (103.9019595 1.4046303, 103.9020857 1.4049935)",
197,2274883899,2274883772,0,218215445,yes,False,24.686,"LINESTRING (103.9019595 1.4046303, 103.9018835 1.4044217)",
198,1839721787,411686457,0,218215448,yes,False,230.673,"LINESTRING (103.9094083 1.4046995, 103.9110983 1.4034957)",
199,1839721787,2274884080,0,218215448,yes,False,82.985,"LINESTRING (103.9094083 1.4046995, 103.9088171 1.4051552)",
200,2274881864,2274881770,0,218215447,yes,False,21.851,"LINESTRING (103.9010666 1.402139, 103.9011864 1.4019832)",
201,2274881864,2274881970,0,218215447,yes,False,17.561,"LINESTRING (103.9010666 1.402139, 103.9010086 1.4022859)",
202,2274883917,2274884054,0,218215447,yes,False,82.529,"LINESTRING (103.9093817 1.4046635, 103.9087633 1.4050742)",
203,2274883917,2274883007,0,218215447,yes,False,229.783,"LINESTRING (103.9093817 1.4046635, 103.911066 1.4034655)",
204,2274884945,2274884951,0,173144836,yes,False,22.165,"LINESTRING (103.90154 1.4152202, 103.9016459 1.4153891)",
205,2274884945,2274884876,0,173144836,yes,False,18.306,"LINESTRING (103.90154 1.4152202, 103.9014687 1.4150718)",
206,2274884946,2274884875,0,601849934,yes,False,31.789,"LINESTRING (103.9077956 1.415198, 103.9077164 1.4149233)",
207,2274884946,2274884953,0,601849934,yes,False,26.473,"LINESTRING (103.9077956 1.415198, 103.9078106 1.4154356)",
208,2274876754,1839721781,0,218215448,yes,False,117.03,"LINESTRING (103.9068101 1.3986704, 103.9059813 1.3993194)",
209,2274876754,411686020,0,218215448,yes,False,173.511,"LINESTRING (103.9068101 1.3986704, 103.9080237 1.3976891)",
210,2274884948,411102754,0,173144832,yes,False,26.848,"LINESTRING (103.907753 1.4151951, 103.9077707 1.4154359)",
211,2274884948,1167584069,0,173144832,yes,False,32.905,"LINESTRING (103.907753 1.4151951, 103.9076678 1.4149117)",
212,2274884949,2274884877,0,173144832,yes,False,19.647,"LINESTRING (103.9017269 1.4153559, 103.9016281 1.4152094)",
213,2274884949,5435063398,0,173144832,yes,False,44.625,"LINESTRING (103.9017269 1.4153559, 103.9019784 1.4156687)",
214,2274884951,2274884959,0,173144836,yes,False,54.915,"LINESTRING (103.9016459 1.4153891, 103.9019533 1.4157757)",
215,2274884951,2274884945,0,173144836,yes,False,22.165,"LINESTRING (103.9016459 1.4153891, 103.90154 1.4152202)",
216,2274884953,2274884946,0,601849934,yes,False,26.473,"LINESTRING (103.9078106 1.4154356, 103.9077956 1.415198)",
217,2274884953,2274884957,0,601849934,yes,False,24.931,"LINESTRING (103.9078106 1.4154356, 103.9078036 1.4156597)",
218,2274884955,1167584068,0,173144832,yes,False,20.871,"LINESTRING (103.9077576 1.4156526, 103.9077253 1.4158375)",
219,2274884955,411102754,0,173144832,yes,False,24.14,"LINESTRING (103.9077576 1.4156526, 103.9077707 1.4154359)",
220,2274884957,2274884953,0,601849934,yes,False,24.931,"LINESTRING (103.9078036 1.4156597, 103.9078106 1.4154356)",
221,2274884957,2274884960,0,601849934,yes,False,22.123,"LINESTRING (103.9078036 1.4156597, 103.9077617 1.4158542)",
222,1839721821,2274878319,0,218215448,yes,False,58.952,"LINESTRING (103.9166075 1.3995518, 103.9170334 1.3992359)",
223,1839721821,2274879651,0,218215448,yes,False,94.169,"LINESTRING (103.9166075 1.3995518, 103.9159226 1.4000502)",
224,2274884959,7114440518,0,173144836,yes,False,25.291,"LINESTRING (103.9019533 1.4157757, 103.9021003 1.4159493)",
225,2274884959,2274884951,0,173144836,yes,False,54.915,"LINESTRING (103.9019533 1.4157757, 103.9016459 1.4153891)",
226,2274884960,2274884957,0,601849934,yes,False,22.123,"LINESTRING (103.9077617 1.4158542, 103.9078036 1.4156597)",
227,2274884960,2274884964,0,601849934,yes,False,23.367,"LINESTRING (103.9077617 1.4158542, 103.9076758 1.416046)",
228,2274881889,2274882337,0,218215447,yes,False,107.285,"LINESTRING (103.9128156 1.4021767, 103.9120296 1.4027366)",
229,2274881889,2274881467,0,218215447,yes,False,91.438,"LINESTRING (103.9128156 1.4021767, 103.9134932 1.4017105)",
230,2274884962,1167584063,0,173144832,yes,False,18.58,"LINESTRING (103.9076404 1.4160362, 103.9075546 1.4161796)",
231,2274884962,1167584068,0,173144832,yes,False,24.026,"LINESTRING (103.9076404 1.4160362, 103.9077253 1.4158375)",
232,2274884964,2274884960,0,601849934,yes,False,23.367,"LINESTRING (103.9076758 1.416046, 103.9077617 1.4158542)",
233,2274884964,2274884967,0,601849934,yes,False,22.366,"LINESTRING (103.9076758 1.416046, 103.907574 1.4162195)",
234,2274884966,2274884973,0,173144836,yes,False,38.138,"LINESTRING (103.902274 1.4161545, 103.9025139 1.4163997)",
235,2274884966,7114440518,0,173144836,yes,False,29.891,"LINESTRING (103.902274 1.4161545, 103.9021003 1.4159493)",
236,2274884967,2274884964,0,601849934,yes,False,22.366,"LINESTRING (103.907574 1.4162195, 103.9076758 1.416046)",
237,2274884967,2274884978,0,601849934,yes,False,22.32,"LINESTRING (103.907574 1.4162195, 103.9074399 1.4163689)",
238,2274884969,411102735,0,173144832,yes,False,39.641,"LINESTRING (103.9025953 1.4163455, 103.9023396 1.416097)",
239,2274884969,1712357076,0,173144832,yes,False,114.156,"LINESTRING (103.9025953 1.4163455, 103.9034466 1.4169197)",
240,1839721834,411686020,0,218215448,yes,False,106.686,"LINESTRING (103.9087405 1.3970511, 103.9080237 1.3976891)",
241,1839721834,2274874973,0,218215448,yes,False,33.663,"LINESTRING (103.9087405 1.3970511, 103.9089612 1.3968438)",
242,2274884971,1167584060,0,173144832,yes,False,18.422,"LINESTRING (103.9073933 1.416356, 103.90727 1.4164667)",
243,2274884971,1167584063,0,173144832,yes,False,26.575,"LINESTRING (103.9073933 1.416356, 103.9075546 1.4161796)",
244,2274884973,2274884986,0,173144836,yes,False,117.01,"LINESTRING (103.9025139 1.4163997, 103.9034127 1.4169474)",
245,2274884973,2274884966,0,173144836,yes,False,38.138,"LINESTRING (103.9025139 1.4163997, 103.902274 1.4161545)",
246,2274884978,2274884967,0,601849934,yes,False,22.32,"LINESTRING (103.9074399 1.4163689, 103.907574 1.4162195)",
247,2274884978,2274884980,0,601849934,yes,False,17.831,"LINESTRING (103.9074399 1.4163689, 103.9073278 1.4164836)",
248,2274884980,2274884978,0,601849934,yes,False,17.831,"LINESTRING (103.9073278 1.4164836, 103.9074399 1.4163689)",
249,2274884980,2274884982,0,601849934,yes,False,30.749,"LINESTRING (103.9073278 1.4164836, 103.9071191 1.4166651)",
250,1748996469,411102726,0,173144832,yes,False,131.39,"LINESTRING (103.9004651 1.4119288, 103.8998586 1.4109146)",
251,1748996469,1748996475,0,173144832,yes,False,69.225,"LINESTRING (103.9004651 1.4119288, 103.9007162 1.4124985)",
252,2274882934,2274882847,0,173144832,yes,False,28.056,"LINESTRING (103.897235 1.4033809, 103.897463 1.4032727)",
253,2274882934,411102713,0,173144832,yes,False,19.181,"LINESTRING (103.897235 1.4033809, 103.8971042 1.4034934)",
254,2274884982,2274884980,0,601849934,yes,False,30.749,"LINESTRING (103.9071191 1.4166651, 103.9073278 1.4164836)",
255,2274884982,2274884984,0,601849934,yes,False,39.296,"LINESTRING (103.9071191 1.4166651, 103.9068021 1.4168215)",
256,2274884984,2274884982,0,601849934,yes,False,39.296,"LINESTRING (103.9068021 1.4168215, 103.9071191 1.4166651)",
257,2274884984,2274884988,0,601849934,yes,False,39.081,"LINESTRING (103.9068021 1.4168215, 103.9064912 1.4169856)",
258,2274884986,2274884990,0,173144836,yes,False,51.865,"LINESTRING (103.9034127 1.4169474, 103.9038155 1.4171828)",
259,2274884986,2274884973,0,173144836,yes,False,117.01,"LINESTRING (103.9034127 1.4169474, 103.9025139 1.4163997)",
260,1748996475,1748996469,0,173144832,yes,False,69.225,"LINESTRING (103.9007162 1.4124985, 103.9004651 1.4119288)",
261,1748996475,411102730,0,173144832,yes,False,53.84,"LINESTRING (103.9007162 1.4124985, 103.9009256 1.4129351)",
262,2274884988,2274884984,0,601849934,yes,False,39.081,"LINESTRING (103.9064912 1.4169856, 103.9068021 1.4168215)",
263,2274884988,5843925904,0,601849934,yes,False,10.031,"LINESTRING (103.9064912 1.4169856, 103.9064079 1.4170203)",
264,2274884990,2274885001,0,173144836,yes,False,38.173,"LINESTRING (103.9038155 1.4171828, 103.9041162 1.4173486)",
265,2274884990,2274884986,0,173144836,yes,False,51.865,"LINESTRING (103.9038155 1.4171828, 103.9034127 1.4169474)",
266,2274884992,5379987383,0,173144836,yes,False,14.152,"LINESTRING (103.9060086 1.4172174, 103.9061235 1.4171626)",
267,2274884992,2274884996,0,173144836,yes,False,29.333,"LINESTRING (103.9060086 1.4172174, 103.9057627 1.4173131)",
268,2274884994,1712357087,0,173144832,yes,False,23.342,"LINESTRING (103.9057494 1.4172531, 103.905557 1.4173372)",
269,2274884994,1839721875,0,173144832,yes,False,87.5,"LINESTRING (103.9057494 1.4172531, 103.906453 1.4169003)",
270,2274884996,2274884992,0,173144836,yes,False,29.333,"LINESTRING (103.9057627 1.4173131, 103.9060086 1.4172174)",
271,2274884996,2274885003,0,173144836,yes,False,25.886,"LINESTRING (103.9057627 1.4173131, 103.9055429 1.41739)",
272,2274884999,1712357089,0,173144832,yes,False,39.656,"LINESTRING (103.9041469 1.4173219, 103.903832 1.4171543)",
273,2274884999,411102738,0,173144832,yes,False,32.426,"LINESTRING (103.9041469 1.4173219, 103.9044234 1.4174148)",
274,2274885001,5379987371,0,173144836,yes,False,3.303,"LINESTRING (103.9041162 1.4173486, 103.9041423 1.4173628)",
275,2274885001,2274884990,0,173144836,yes,False,38.173,"LINESTRING (103.9041162 1.4173486, 103.9038155 1.4171828)",
276,2274885003,2274884996,0,173144836,yes,False,25.886,"LINESTRING (103.9055429 1.41739, 103.9057627 1.4173131)",
277,2274885003,2274885005,0,173144836,yes,False,25.581,"LINESTRING (103.9055429 1.41739, 103.9053218 1.4174538)",
278,2274885005,2274885003,0,173144836,yes,False,25.581,"LINESTRING (103.9053218 1.4174538, 103.9055429 1.41739)",
279,2274885005,2274885012,0,173144836,yes,False,29.261,"LINESTRING (103.9053218 1.4174538, 103.9050626 1.4174997)",
280,2274885007,2274885011,0,173144836,yes,False,25.734,"LINESTRING (103.9044077 1.4174499, 103.9046345 1.4174963)",
281,2274885007,5379987376,0,173144836,yes,False,24.46,"LINESTRING (103.9044077 1.4174499, 103.9041977 1.4173842)",
282,2274882961,2274883080,0,173144836,yes,False,19.781,"LINESTRING (103.8970018 1.4034221, 103.8969052 1.4035715)",
283,2274882961,2274882862,0,173144836,yes,False,19.748,"LINESTRING (103.8970018 1.4034221, 103.8971268 1.4032959)",
284,2274871698,411686774,0,218215448,yes,False,18.524,"LINESTRING (103.9143261 1.3927537, 103.914161 1.3927763)",
285,2274871698,411686468,0,218215448,yes,False,18.329,"LINESTRING (103.9143261 1.3927537, 103.9144904 1.3927676)",
286,2274885009,1712357092,0,173144832,yes,False,21.303,"LINESTRING (103.9048478 1.417473, 103.9046569 1.4174562)",
287,2274885009,1712357091,0,173144832,yes,False,26.65,"LINESTRING (103.9048478 1.417473, 103.9050871 1.4174585)",
288,1839721875,2274884994,0,173144832,yes,False,87.5,"LINESTRING (103.906453 1.4169003, 103.9057494 1.4172531)",
289,1839721875,1712357040,0,173144832,yes,False,41.597,"LINESTRING (103.906453 1.4169003, 103.9067832 1.4167243)",
290,2274885012,2274885005,0,173144836,yes,False,29.261,"LINESTRING (103.9050626 1.4174997, 103.9053218 1.4174538)",
291,2274885012,2274885014,0,173144836,yes,False,22.898,"LINESTRING (103.9050626 1.4174997, 103.904857 1.4175123)",
292,2274885011,2274885014,0,173144836,yes,False,24.797,"LINESTRING (103.9046345 1.4174963, 103.904857 1.4175123)",
293,2274885011,2274885007,0,173144836,yes,False,25.734,"LINESTRING (103.9046345 1.4174963, 103.9044077 1.4174499)",
294,2274885014,2274885012,0,173144836,yes,False,22.898,"LINESTRING (103.904857 1.4175123, 103.9050626 1.4174997)",
295,2274885014,2274885011,0,173144836,yes,False,24.797,"LINESTRING (103.904857 1.4175123, 103.9046345 1.4174963)",
296,2274881946,411102707,0,173144836,yes,False,37.546,"LINESTRING (103.8999376 1.4022493, 103.8996183 1.4023594)",
297,2274881946,2085848759,0,173144836,yes,False,31.021,"LINESTRING (103.8999376 1.4022493, 103.9002053 1.4021705)",
298,1839721882,2274872498,0,218215448,yes,False,79.567,"LINESTRING (103.9164862 1.3949867, 103.9160716 1.3944034)",
299,1839721882,411686465,0,218215448,yes,False,79.446,"LINESTRING (103.9164862 1.3949867, 103.9168808 1.3955824)",
300,2274871713,2274871718,0,218215447,yes,False,16.752,"LINESTRING (103.9143334 1.3927956, 103.9144837 1.3928065)",
301,2274871713,2274871725,0,218215447,yes,False,17.945,"LINESTRING (103.9143334 1.3927956, 103.9141731 1.3928147)",
302,2274924964,1839722271,0,173144843,yes,False,12.562,"LINESTRING (103.894615 1.3960496, 103.8945043 1.3960723)",yard
303,2274924964,1839722255,0,173144843,yes,False,76.645,"LINESTRING (103.894615 1.3960496, 103.8952757 1.3958525)",yard
304,2274924965,1839722259,0,173144841,yes,False,52.827,"LINESTRING (103.8947548 1.3961408, 103.8952092 1.3960017)",yard
305,2274924965,1839722273,0,173144841,yes,False,11.777,"LINESTRING (103.8947548 1.3961408, 103.894651 1.396162)",yard
306,2274884006,2274883752,0,218215444,yes,False,63.407,"LINESTRING (103.902302 1.4048461, 103.9019645 1.4043864)",
307,2274884006,6587709457,0,218215444,yes,False,38.61,"LINESTRING (103.902302 1.4048461, 103.9024702 1.4051499)",
308,2274881959,411685949,0,218215448,yes,False,19.429,"LINESTRING (103.9009367 1.4022694, 103.9009003 1.4024403)",
309,2274881959,411685948,0,218215448,yes,False,18.463,"LINESTRING (103.9009367 1.4022694, 103.9010024 1.4021169)",
310,2274871718,2274871738,0,218215447,yes,False,18.078,"LINESTRING (103.9144837 1.3928065, 103.9146422 1.3928429)",
311,2274871718,2274871713,0,218215447,yes,False,16.752,"LINESTRING (103.9144837 1.3928065, 103.9143334 1.3927956)",
312,2274881964,411102768,0,173144836,yes,False,28.651,"LINESTRING (103.9006861 1.4022767, 103.9004468 1.402181)",
313,2274881964,411102767,0,173144836,yes,False,21.43,"LINESTRING (103.9006861 1.4022767, 103.9008396 1.4023933)",
314,2274871725,2274871713,0,218215447,yes,False,17.945,"LINESTRING (103.9141731 1.3928147, 103.9143334 1.3927956)",
315,2274871725,2274871750,0,218215447,yes,False,17.771,"LINESTRING (103.9141731 1.3928147, 103.9140219 1.3928666)",
316,2274881970,2274881864,0,218215447,yes,False,17.561,"LINESTRING (103.9010086 1.4022859, 103.9010666 1.402139)",
317,2274881970,2274882091,0,218215447,yes,False,17.351,"LINESTRING (103.9010086 1.4022859, 103.9009867 1.4024404)",
318,2274876853,2274875509,0,218215447,yes,False,172.031,"LINESTRING (103.9068521 1.3987082, 103.9080459 1.3977237)",
319,2274876853,2274877959,0,218215447,yes,False,67.912,"LINESTRING (103.9068521 1.3987082, 103.9064012 1.3991203)",
320,2274871738,2274871778,0,218215447,yes,False,23.695,"LINESTRING (103.9146422 1.3928429, 103.9148308 1.3929422)",
321,2274871738,2274871718,0,218215447,yes,False,18.078,"LINESTRING (103.9146422 1.3928429, 103.9144837 1.3928065)",
322,1839721918,2274884807,0,173144832,yes,False,159.115,"LINESTRING (103.8987198 1.4087819, 103.8980494 1.4075176)",
323,1839721918,2274884850,0,173144832,yes,False,70.512,"LINESTRING (103.8987198 1.4087819, 103.8989996 1.409351)",
324,2274883007,2274883917,0,218215447,yes,False,229.783,"LINESTRING (103.911066 1.4034655, 103.9093817 1.4046635)",
325,2274883007,2274882752,0,218215447,yes,False,57.244,"LINESTRING (103.911066 1.4034655, 103.9114899 1.4031732)",
326,2274884034,411102718,0,173144832,yes,False,93.117,"LINESTRING (103.8971667 1.4049804, 103.8969466 1.4041724)",
327,2274884034,2274884362,0,173144832,yes,False,66.552,"LINESTRING (103.8971667 1.4049804, 103.8973393 1.4055535)",
328,1839721922,411102758,0,173144832,yes,False,228.432,"LINESTRING (103.9065795 1.4127369, 103.9075046 1.4145713)",
329,1839721922,411102762,0,173144832,yes,False,54.828,"LINESTRING (103.9065795 1.4127369, 103.9063563 1.4122972)",
330,2274884038,6587709456,0,218215445,yes,False,35.456,"LINESTRING (103.9020857 1.4049935, 103.9022357 1.4052749)",
331,2274884038,2274883899,0,218215445,yes,False,42.753,"LINESTRING (103.9020857 1.4049935, 103.9019595 1.4046303)",
332,2274871750,2274871725,0,218215447,yes,False,17.771,"LINESTRING (103.9140219 1.3928666, 103.9141731 1.3928147)",
333,2274871750,2274871798,0,218215447,yes,False,26.993,"LINESTRING (103.9140219 1.3928666, 103.913806 1.3929777)",
334,2274884044,2274884379,0,173144836,yes,False,66.518,"LINESTRING (103.8970791 1.4050049, 103.8972466 1.4055792)",
335,2274884044,2274883603,0,173144836,yes,False,94.312,"LINESTRING (103.8970791 1.4050049, 103.8968498 1.4041883)",
336,2274884054,4285849806,0,218215447,yes,False,54.942,"LINESTRING (103.9087633 1.4050742, 103.9083654 1.4053673)",
337,2274884054,2274883917,0,218215447,yes,False,82.529,"LINESTRING (103.9087633 1.4050742, 103.9093817 1.4046635)",
338,2274871778,2274871816,0,218215447,yes,False,13.62,"LINESTRING (103.9148308 1.3929422, 103.9149319 1.3930114)",
339,2274871778,2274871738,0,218215447,yes,False,23.695,"LINESTRING (103.9148308 1.3929422, 103.9146422 1.3928429)",
340,2274874856,2274874671,0,218215443,yes,False,35.06,"LINESTRING (103.9093106 1.3966609, 103.9095244 1.3964291)",
341,2274874856,2274874317,0,218215447,yes,False,115.085,"LINESTRING (103.9093106 1.3966609, 103.9101243 1.396021)",
342,2274874856,2274875267,0,218215447,yes,False,106.49,"LINESTRING (103.9093106 1.3966609, 103.9085976 1.3973005)",
343,411102699,2274881571,0,173144841,yes,False,25.354,"LINESTRING (103.9002592 1.4015893, 103.9002126 1.4018125)",yard
344,411102699,2274881272,0,173144841,yes,False,24.983,"LINESTRING (103.9002592 1.4015893, 103.9002383 1.4013656)",yard
345,411102702,5256652555,0,173144841,yes,False,22.063,"LINESTRING (103.9001179 1.4019721, 103.8999751 1.4021099)",yard
346,411102702,2274881571,0,173144841,yes,False,20.634,"LINESTRING (103.9001179 1.4019721, 103.9002126 1.4018125)",yard
347,2274884080,1839721787,0,218215448,yes,False,82.985,"LINESTRING (103.9088171 1.4051552, 103.9094083 1.4046995)",
348,2274884080,2274884395,0,218215448,yes,False,87.937,"LINESTRING (103.9088171 1.4051552, 103.9081781 1.4056214)",
349,411102704,411102707,0,173144841,yes,False,43.997,"LINESTRING (103.8999462 1.4021378, 103.8996183 1.4023594)",yard
350,411102704,5256652555,0,173144841,yes,False,4.466,"LINESTRING (103.8999462 1.4021378, 103.8999751 1.4021099)",yard
351,411102707,411102710,0,173144836,yes,False,126.879,"LINESTRING (103.8996183 1.4023594, 103.8985451 1.4027479)",
352,411102707,2274881946,0,173144836,yes,False,37.546,"LINESTRING (103.8996183 1.4023594, 103.8999376 1.4022493)",
353,411102707,411102704,0,173144841,yes,False,43.997,"LINESTRING (103.8996183 1.4023594, 103.8999462 1.4021378)",yard
354,2274882038,2274882056,0,173144832,yes,False,22.83,"LINESTRING (103.900219 1.4023736, 103.900423 1.4023973)",
355,2274882038,2274882069,0,173144832,yes,False,25.71,"LINESTRING (103.900219 1.4023736, 103.8999912 1.4024136)",
356,2274871799,411686901,0,218215448,yes,False,13.621,"LINESTRING (103.914951 1.3929777, 103.9148481 1.3929112)",
357,2274871799,2274871851,0,218215448,yes,False,13.431,"LINESTRING (103.914951 1.3929777, 103.915043 1.393056)",
358,2274871798,2274871750,0,218215447,yes,False,26.993,"LINESTRING (103.913806 1.3929777, 103.9140219 1.3928666)",
359,2274871798,2274871882,0,218215447,yes,False,26.067,"LINESTRING (103.913806 1.3929777, 103.9136174 1.393117)",
360,411102710,2274882650,0,173144836,yes,False,102.557,"LINESTRING (103.8985451 1.4027479, 103.8976765 1.4030588)",
361,411102710,411102707,0,173144836,yes,False,126.879,"LINESTRING (103.8985451 1.4027479, 103.8996183 1.4023594)",
362,411102710,2274882519,0,218215439,yes,False,25.692,"LINESTRING (103.8985451 1.4027479, 103.8983604 1.4028868)",
363,411102713,2274882934,0,173144832,yes,False,19.181,"LINESTRING (103.8971042 1.4034934, 103.897235 1.4033809)",
364,411102713,1839722280,0,173144832,yes,False,17.166,"LINESTRING (103.8971042 1.4034934, 103.897014 1.4036187)",
365,411102715,1839722280,0,173144832,yes,False,17.537,"LINESTRING (103.8969517 1.4037636, 103.897014 1.4036187)",
366,411102715,2274883456,0,173144832,yes,False,24.04,"LINESTRING (103.8969517 1.4037636, 103.8969103 1.4039758)",
367,411102718,2274883456,0,173144832,yes,False,22.23,"LINESTRING (103.8969466 1.4041724, 103.8969103 1.4039758)",
368,411102718,2274884034,0,173144832,yes,False,93.117,"LINESTRING (103.8969466 1.4041724, 103.8971667 1.4049804)",
369,411102721,2274884362,0,173144832,yes,False,53.184,"LINESTRING (103.8974846 1.4060092, 103.8973393 1.4055535)",
370,411102721,411102724,0,173144832,yes,False,60.178,"LINESTRING (103.8974846 1.4060092, 103.8976318 1.40653)",
371,411102724,411102721,0,173144832,yes,False,60.178,"LINESTRING (103.8976318 1.40653, 103.8974846 1.4060092)",
372,411102724,2274884769,0,173144832,yes,False,42.582,"LINESTRING (103.8976318 1.40653, 103.897767 1.4068883)",
373,411102726,2274884850,0,173144832,yes,False,198.36,"LINESTRING (103.8998586 1.4109146, 103.8989996 1.409351)",
374,411102726,1748996469,0,173144832,yes,False,131.39,"LINESTRING (103.8998586 1.4109146, 103.9004651 1.4119288)",
375,2274877959,2274876853,0,218215447,yes,False,67.912,"LINESTRING (103.9064012 1.3991203, 103.9068521 1.3987082)",
376,2274877959,2274878487,0,218215447,yes,False,51.666,"LINESTRING (103.9064012 1.3991203, 103.9060328 1.3994036)",
377,2274882056,2274882119,0,173144832,yes,False,22.941,"LINESTRING (103.900423 1.4023973, 103.9006161 1.4024701)",
378,2274882056,2274882038,0,173144832,yes,False,22.83,"LINESTRING (103.900423 1.4023973, 103.900219 1.4023736)",
379,2274871816,2274871869,0,218215447,yes,False,12.39,"LINESTRING (103.9149319 1.3930114, 103.9150112 1.3930897)",
380,2274871816,2274871778,0,218215447,yes,False,13.62,"LINESTRING (103.9149319 1.3930114, 103.9148308 1.3929422)",
381,2274875914,2274876348,0,218215447,yes,False,19.727,"LINESTRING (103.9181457 1.3981185, 103.9180847 1.3982851)",
382,2274875914,2274875623,0,218215447,yes,False,24.888,"LINESTRING (103.9181457 1.3981185, 103.9181895 1.397899)",
383,2274883080,2274883267,0,173144836,yes,False,20.846,"LINESTRING (103.8969052 1.4035715, 103.8968382 1.4037466)",
384,2274883080,2274882961,0,173144836,yes,False,19.781,"LINESTRING (103.8969052 1.4035715, 103.8970018 1.4034221)",
385,411102730,1748996475,0,173144832,yes,False,53.84,"LINESTRING (103.9009256 1.4129351, 103.9007162 1.4124985)",
386,411102730,411102732,0,173144832,yes,False,242.43,"LINESTRING (103.9009256 1.4129351, 103.9015465 1.4150251)",
387,411102732,411102730,0,173144832,yes,False,242.43,"LINESTRING (103.9015465 1.4150251, 103.9009256 1.4129351)",
388,411102732,2274884877,0,173144832,yes,False,22.411,"LINESTRING (103.9015465 1.4150251, 103.9016281 1.4152094)",
389,411102735,7114440519,0,173144832,yes,False,29.305,"LINESTRING (103.9023396 1.416097, 103.9021722 1.4158934)",
390,411102735,2274884969,0,173144832,yes,False,39.641,"LINESTRING (103.9023396 1.416097, 103.9025953 1.4163455)",
391,411102738,2274884999,0,173144832,yes,False,32.426,"LINESTRING (103.9044234 1.4174148, 103.9041469 1.4173219)",
392,411102738,1712357092,0,173144832,yes,False,26.361,"LINESTRING (103.9044234 1.4174148, 103.9046569 1.4174562)",
393,2274882069,2274882038,0,173144832,yes,False,25.71,"LINESTRING (103.8999912 1.4024136, 103.900219 1.4023736)",
394,2274882069,2274882141,0,173144832,yes,False,38.175,"LINESTRING (103.8999912 1.4024136, 103.8996596 1.4025029)",
395,411102747,1712357091,0,173144832,yes,False,24.099,"LINESTRING (103.9053003 1.4174192, 103.9050871 1.4174585)",
396,411102747,1712357087,0,173144832,yes,False,29.956,"LINESTRING (103.9053003 1.4174192, 103.905557 1.4173372)",
397,411102754,2274884955,0,173144832,yes,False,24.14,"LINESTRING (103.9077707 1.4154359, 103.9077576 1.4156526)",
398,411102754,2274884948,0,173144832,yes,False,26.848,"LINESTRING (103.9077707 1.4154359, 103.907753 1.4151951)",
399,411102758,1167584069,0,173144832,yes,False,41.974,"LINESTRING (103.9075046 1.4145713, 103.9076678 1.4149117)",
400,411102758,1839721922,0,173144832,yes,False,228.432,"LINESTRING (103.9075046 1.4145713, 103.9065795 1.4127369)",
401,2274874920,2274874620,0,173144843,yes,False,53.195,"LINESTRING (103.8978332 1.3967504, 103.8975878 1.3963397)",yard
402,2274874920,2274875129,0,173144843,yes,False,40.021,"LINESTRING (103.8978332 1.3967504, 103.8980003 1.3970692)",yard
403,411102762,1839721922,0,173144832,yes,False,54.828,"LINESTRING (103.9063563 1.4122972, 103.9065795 1.4127369)",
404,411102762,6532027391,0,173144832,yes,False,43.262,"LINESTRING (103.9063563 1.4122972, 103.9061613 1.4119605)",
405,2274882091,2274881970,0,218215447,yes,False,17.351,"LINESTRING (103.9009867 1.4024404, 103.9010086 1.4022859)",
406,2274882091,2274882210,0,218215447,yes,False,17.195,"LINESTRING (103.9009867 1.4024404, 103.9009932 1.4025949)",
407,2274871851,2274871799,0,218215448,yes,False,13.431,"LINESTRING (103.915043 1.393056, 103.914951 1.3929777)",
408,2274871851,411686467,0,218215448,yes,False,33.924,"LINESTRING (103.915043 1.393056, 103.9152343 1.3932937)",
409,411102763,6532027391,0,173144832,yes,False,287.385,"LINESTRING (103.9048658 1.4097239, 103.9061613 1.4119605)",
410,411102763,6532012981,0,173144832,yes,False,59.208,"LINESTRING (103.9048658 1.4097239, 103.9046017 1.4092615)",
411,411102764,6532027385,0,173144832,yes,False,93.952,"LINESTRING (103.903494 1.4073624, 103.9039384 1.4080811)",
412,411102764,2274884681,0,173144832,yes,False,125.449,"LINESTRING (103.903494 1.4073624, 103.9029617 1.4063676)",
413,411102765,2274884600,0,218215445,yes,False,56.158,"LINESTRING (103.9024307 1.4056407, 103.9027672 1.4060174)",
414,411102765,6587709456,0,218215445,yes,False,46.091,"LINESTRING (103.9024307 1.4056407, 103.9022357 1.4052749)",
415,411102766,411102767,0,173144836,yes,False,41.504,"LINESTRING (103.901094 1.4026665, 103.9008396 1.4023933)",
416,411102766,2274883134,0,173144836,yes,False,124.463,"LINESTRING (103.901094 1.4026665, 103.9016317 1.4036483)",
417,411102766,2274881157,0,173144843,yes,False,195.531,"LINESTRING (103.901094 1.4026665, 103.9002017 1.4011511)",yard
418,411102767,2274881964,0,173144836,yes,False,21.43,"LINESTRING (103.9008396 1.4023933, 103.9006861 1.4022767)",
419,411102767,411102766,0,173144836,yes,False,41.504,"LINESTRING (103.9008396 1.4023933, 103.901094 1.4026665)",
420,411102768,5702120063,0,173144836,yes,False,7.8,"LINESTRING (103.9004468 1.402181, 103.9003767 1.402178)",
421,411102768,2274881964,0,173144836,yes,False,28.651,"LINESTRING (103.9004468 1.402181, 103.9006861 1.4022767)",
422,411686452,411686453,0,218215448,yes,False,192.316,"LINESTRING (103.9046747 1.4080003, 103.9061208 1.4070509)",
423,411686452,2274884827,0,218215448,yes,False,16.612,"LINESTRING (103.9046747 1.4080003, 103.9045461 1.4080764)",
424,411686453,411686455,0,218215448,yes,False,189.522,"LINESTRING (103.9061208 1.4070509, 103.9075124 1.4060662)",
425,411686453,411686452,0,218215448,yes,False,192.316,"LINESTRING (103.9061208 1.4070509, 103.9046747 1.4080003)",
426,411686455,2274884395,0,218215448,yes,False,89.007,"LINESTRING (103.9075124 1.4060662, 103.9081781 1.4056214)",
427,411686455,411686453,0,218215448,yes,False,189.522,"LINESTRING (103.9075124 1.4060662, 103.9061208 1.4070509)",
428,411686457,2274882786,0,218215448,yes,False,55.961,"LINESTRING (103.9110983 1.4034957, 103.9115091 1.4032048)",
429,411686457,1839721787,0,218215448,yes,False,230.673,"LINESTRING (103.9110983 1.4034957, 103.9094083 1.4046995)",
430,411686458,411686459,0,218215448,yes,False,322.88,"LINESTRING (103.9128752 1.4022373, 103.9152176 1.4005203)",
431,411686458,2274882440,0,218215448,yes,False,107.509,"LINESTRING (103.9128752 1.4022373, 103.9120932 1.4028062)",
432,411686459,2274879651,0,218215448,yes,False,94.203,"LINESTRING (103.9152176 1.4005203, 103.9159226 1.4000502)",
433,411686459,411686458,0,218215448,yes,False,322.88,"LINESTRING (103.9152176 1.4005203, 103.9128752 1.4022373)",
434,2274871868,2274872011,0,218215448,yes,False,41.041,"LINESTRING (103.9135928 1.3930861, 103.9133086 1.3933217)",
435,2274871868,411686017,0,218215448,yes,False,26.515,"LINESTRING (103.9135928 1.3930861, 103.9137856 1.3929457)",
436,2274871869,2274872007,0,218215447,yes,False,32.575,"LINESTRING (103.9150112 1.3930897, 103.9151979 1.3933155)",
437,2274871869,2274871816,0,218215447,yes,False,12.39,"LINESTRING (103.9150112 1.3930897, 103.9149319 1.3930114)",
438,411686461,1839722276,0,218215448,yes,False,21.662,"LINESTRING (103.9181126 1.3983023, 103.9181859 1.3981218)",
439,411686461,1839722277,0,218215448,yes,False,19.43,"LINESTRING (103.9181126 1.3983023, 103.9180155 1.3984476)",
440,2274883134,411102766,0,173144836,yes,False,124.463,"LINESTRING (103.9016317 1.4036483, 103.901094 1.4026665)",
441,2274883134,2274883438,0,173144836,yes,False,33.426,"LINESTRING (103.9016317 1.4036483, 103.9017148 1.4039372)",
442,411686463,411686465,0,218215448,yes,False,219.892,"LINESTRING (103.9180297 1.3971922, 103.9168808 1.3955824)",
443,411686463,2274875333,0,218215448,yes,False,27.369,"LINESTRING (103.9180297 1.3971922, 103.9181573 1.3974027)",
444,411686462,1839722275,0,218215448,yes,False,27.888,"LINESTRING (103.9182295 1.397897, 103.9182171 1.3976465)",
445,411686462,1839722276,0,218215448,yes,False,25.462,"LINESTRING (103.9182295 1.397897, 103.9181859 1.3981218)",
446,411686465,1839721882,0,218215448,yes,False,79.446,"LINESTRING (103.9168808 1.3955824, 103.9164862 1.3949867)",
447,411686465,411686463,0,218215448,yes,False,219.892,"LINESTRING (103.9168808 1.3955824, 103.9180297 1.3971922)",
448,411686466,411686467,0,218215448,yes,False,36.72,"LINESTRING (103.9154338 1.3935569, 103.9152343 1.3932937)",
449,411686466,2274872287,0,218215448,yes,False,49.505,"LINESTRING (103.9154338 1.3935569, 103.915698 1.3939153)",
450,411686467,2274871851,0,218215448,yes,False,33.924,"LINESTRING (103.9152343 1.3932937, 103.915043 1.393056)",
451,411686467,411686466,0,218215448,yes,False,36.72,"LINESTRING (103.9152343 1.3932937, 103.9154338 1.3935569)",
452,411686468,2274871698,0,218215448,yes,False,18.329,"LINESTRING (103.9144904 1.3927676, 103.9143261 1.3927537)",
453,411686468,411686567,0,218215448,yes,False,18.498,"LINESTRING (103.9144904 1.3927676, 103.9146511 1.3928108)",
454,411686469,411686017,0,218215448,yes,False,28.511,"LINESTRING (103.9140083 1.3928185, 103.9137856 1.3929457)",
455,411686469,411686774,0,218215448,yes,False,17.611,"LINESTRING (103.9140083 1.3928185, 103.914161 1.3927763)",
456,2274882119,2274882241,0,173144832,yes,False,27.553,"LINESTRING (103.9006161 1.4024701, 103.900802 1.402634)",
457,2274882119,2274882056,0,173144832,yes,False,22.941,"LINESTRING (103.9006161 1.4024701, 103.900423 1.4023973)",
458,2274871882,2274871798,0,218215447,yes,False,26.067,"LINESTRING (103.9136174 1.393117, 103.913806 1.3929777)",
459,2274871882,2274872054,0,218215447,yes,False,40.949,"LINESTRING (103.9136174 1.393117, 103.9133323 1.3933502)",
460,2274882141,2274882069,0,173144832,yes,False,38.175,"LINESTRING (103.8996596 1.4025029, 103.8999912 1.4024136)",
461,2274882141,2274882492,0,173144832,yes,False,123.977,"LINESTRING (103.8996596 1.4025029, 103.8986071 1.4028717)",
462,2274874973,1839721834,0,218215448,yes,False,33.663,"LINESTRING (103.9089612 1.3968438, 103.9087405 1.3970511)",
463,2274874973,2274874260,0,218215448,yes,False,159.026,"LINESTRING (103.9089612 1.3968438, 103.9100725 1.3959432)",
464,5702120063,2085848759,0,173144836,yes,False,19.071,"LINESTRING (103.9003767 1.402178, 103.9002053 1.4021705)",
465,5702120063,411102768,0,173144836,yes,False,7.8,"LINESTRING (103.9003767 1.402178, 103.9004468 1.402181)",
466,5702120064,2274884801,0,218215447,yes,False,11.124,"LINESTRING (103.9039291 1.4074863, 103.9038372 1.4074467)",
467,5702120064,2274884811,0,218215447,yes,False,22.871,"LINESTRING (103.9039291 1.4074863, 103.904118 1.4075678)",
468,6532027386,6532012980,0,695617198,yes,False,29.683,"LINESTRING (103.9039573 1.4080756, 103.9040525 1.408325)",yard
469,6532027386,6532027387,0,695617198,yes,False,218.51,"LINESTRING (103.9039573 1.4080756, 103.9029971 1.4063609)",yard
470,2274881157,2274876589,0,173144843,yes,False,333.28,"LINESTRING (103.9002017 1.4011511, 103.8987615 1.3985223)",yard
471,2274881157,411102766,0,173144843,yes,False,195.531,"LINESTRING (103.9002017 1.4011511, 103.901094 1.4026665)",yard
472,1712357001,5435063398,0,173144832,yes,False,10.317,"LINESTRING (103.9020426 1.4157357, 103.9019784 1.4156687)",
473,1712357001,7114440519,0,173144832,yes,False,22.694,"LINESTRING (103.9020426 1.4157357, 103.9021722 1.4158934)",
474,2274873995,2274875243,0,218215447,yes,False,224.337,"LINESTRING (103.9168561 1.395614, 103.9180273 1.397257)",
475,2274873995,2274873547,0,218215447,yes,False,85.438,"LINESTRING (103.9168561 1.395614, 103.916373 1.3950164)",
476,2274881168,2274881272,0,173144841,yes,False,23.58,"LINESTRING (103.9001598 1.4011686, 103.9002383 1.4013656)",yard
477,2274881168,242967350,0,173144841,yes,False,332.416,"LINESTRING (103.9001598 1.4011686, 103.8987239 1.3985463)",yard
478,6532027391,411102762,0,173144832,yes,False,43.262,"LINESTRING (103.9061613 1.4119605, 103.9063563 1.4122972)",
479,6532027391,411102763,0,173144832,yes,False,287.385,"LINESTRING (103.9061613 1.4119605, 103.9048658 1.4097239)",
480,2274875385,2274875620,0,173144841,yes,False,48.012,"LINESTRING (103.89813 1.3975098, 103.8983275 1.3978938)",yard
481,2274875385,2274875060,0,173144841,yes,False,67.163,"LINESTRING (103.89813 1.3975098, 103.8978538 1.3969726)",yard
482,2274882207,2274882410,0,218215448,yes,False,22.031,"LINESTRING (103.9009071 1.4025926, 103.9009723 1.4027797)",
483,2274882207,411685949,0,218215448,yes,False,16.952,"LINESTRING (103.9009071 1.4025926, 103.9009003 1.4024403)",
484,2274882210,2274882091,0,218215447,yes,False,17.195,"LINESTRING (103.9009932 1.4025949, 103.9009867 1.4024404)",
485,2274882210,2274882348,0,218215447,yes,False,18.325,"LINESTRING (103.9009932 1.4025949, 103.9010537 1.4027482)",
486,1712357030,1712357040,0,173144832,yes,False,33.034,"LINESTRING (103.9070567 1.4166081, 103.9067832 1.4167243)",
487,1712357030,1167584060,0,173144832,yes,False,28.45,"LINESTRING (103.9070567 1.4166081, 103.90727 1.4164667)",
488,411686567,411686468,0,218215448,yes,False,18.498,"LINESTRING (103.9146511 1.3928108, 103.9144904 1.3927676)",
489,411686567,411686901,0,218215448,yes,False,24.58,"LINESTRING (103.9146511 1.3928108, 103.9148481 1.3929112)",
490,1712357040,1839721875,0,173144832,yes,False,41.597,"LINESTRING (103.9067832 1.4167243, 103.906453 1.4169003)",
491,1712357040,1712357030,0,173144832,yes,False,33.034,"LINESTRING (103.9067832 1.4167243, 103.9070567 1.4166081)",
492,242967218,1839722255,0,173144843,yes,False,151.311,"LINESTRING (103.8966035 1.395553, 103.8952757 1.3958525)",yard
493,242967218,1839722236,0,173144843,yes,False,17.499,"LINESTRING (103.8966035 1.395553, 103.8967609 1.3955553)",yard
494,2274875060,2274875385,0,173144841,yes,False,67.163,"LINESTRING (103.8978538 1.3969726, 103.89813 1.3975098)",yard
495,2274875060,242967277,0,173144841,yes,False,77.1,"LINESTRING (103.8978538 1.3969726, 103.8975477 1.3963504)",yard
496,2085848759,2274881946,0,173144836,yes,False,31.021,"LINESTRING (103.9002053 1.4021705, 103.8999376 1.4022493)",
497,2085848759,5702120063,0,173144836,yes,False,19.071,"LINESTRING (103.9002053 1.4021705, 103.9003767 1.402178)",
498,242967233,1839722241,0,173144843,yes,False,20.129,"LINESTRING (103.8972168 1.3957342, 103.8970631 1.3956385)",yard
499,242967233,2274874212,0,173144843,yes,False,19.168,"LINESTRING (103.8972168 1.3957342, 103.8973249 1.3958685)",yard
500,2274882241,2274882434,0,173144832,yes,False,23.782,"LINESTRING (103.900802 1.402634, 103.9009349 1.4028016)",
501,2274882241,2274882119,0,173144832,yes,False,27.553,"LINESTRING (103.900802 1.402634, 103.9006161 1.4024701)",
502,2274883267,2274883463,0,173144836,yes,False,26.77,"LINESTRING (103.8968382 1.4037466, 103.8968137 1.4039861)",
503,2274883267,2274883080,0,173144836,yes,False,20.846,"LINESTRING (103.8968382 1.4037466, 103.8969052 1.4035715)",
504,2274872007,2274872186,0,218215447,yes,False,37.736,"LINESTRING (103.9151979 1.3933155, 103.9154029 1.393586)",
505,2274872007,2274871869,0,218215447,yes,False,32.575,"LINESTRING (103.9151979 1.3933155, 103.9150112 1.3930897)",
506,2274872011,2274872182,0,218215448,yes,False,46.983,"LINESTRING (103.9133086 1.3933217, 103.9129659 1.393569)",
507,2274872011,2274871868,0,218215448,yes,False,41.041,"LINESTRING (103.9133086 1.3933217, 103.9135928 1.3930861)",
508,2274880211,2274881467,0,218215447,yes,False,232.743,"LINESTRING (103.9151945 1.4004905, 103.9134932 1.4017105)",
509,2274880211,2274879526,0,218215447,yes,False,94.684,"LINESTRING (103.9151945 1.4004905, 103.9158693 1.3999709)",
510,1712357076,2274884969,0,173144832,yes,False,114.156,"LINESTRING (103.9034466 1.4169197, 103.9025953 1.4163455)",
511,1712357076,1712357089,0,173144832,yes,False,50.159,"LINESTRING (103.9034466 1.4169197, 103.903832 1.4171543)",
512,2274880216,411686024,0,218215448,yes,False,220.293,"LINESTRING (103.903986 1.4005011, 103.9022066 1.4013732)",
513,2274880216,411686023,0,218215448,yes,False,119.908,"LINESTRING (103.903986 1.4005011, 103.9049539 1.4000251)",
514,1712357087,411102747,0,173144832,yes,False,29.956,"LINESTRING (103.905557 1.4173372, 103.9053003 1.4174192)",
515,1712357087,2274884994,0,173144832,yes,False,23.342,"LINESTRING (103.905557 1.4173372, 103.9057494 1.4172531)",
516,1712357089,1712357076,0,173144832,yes,False,50.159,"LINESTRING (103.903832 1.4171543, 103.9034466 1.4169197)",
517,1712357089,2274884999,0,173144832,yes,False,39.656,"LINESTRING (103.903832 1.4171543, 103.9041469 1.4173219)",
518,1712357091,2274885009,0,173144832,yes,False,26.65,"LINESTRING (103.9050871 1.4174585, 103.9048478 1.417473)",
519,1712357091,411102747,0,173144832,yes,False,24.099,"LINESTRING (103.9050871 1.4174585, 103.9053003 1.4174192)",
520,1712357092,411102738,0,173144832,yes,False,26.361,"LINESTRING (103.9046569 1.4174562, 103.9044234 1.4174148)",
521,1712357092,2274885009,0,173144832,yes,False,21.303,"LINESTRING (103.9046569 1.4174562, 103.9048478 1.417473)",
522,242967277,2274875060,0,173144841,yes,False,77.1,"LINESTRING (103.8975477 1.3963504, 103.8978538 1.3969726)",yard
523,242967277,1839722261,0,173144841,yes,False,38.489,"LINESTRING (103.8975477 1.3963504, 103.8973814 1.3960468)",yard
524,2274872054,2274871882,0,218215447,yes,False,40.949,"LINESTRING (103.9133323 1.3933502, 103.9136174 1.393117)",
525,2274872054,2274872200,0,218215447,yes,False,46.515,"LINESTRING (103.9133323 1.3933502, 103.9130235 1.3936325)",
526,2274881272,411102699,0,173144841,yes,False,24.983,"LINESTRING (103.9002383 1.4013656, 103.9002592 1.4015893)",yard
527,2274881272,2274881168,0,173144841,yes,False,23.58,"LINESTRING (103.9002383 1.4013656, 103.9001598 1.4011686)",yard
528,2274875129,2274874920,0,173144843,yes,False,40.021,"LINESTRING (103.8980003 1.3970692, 103.8978332 1.3967504)",yard
529,2274875129,2274876589,0,173144843,yes,False,182.393,"LINESTRING (103.8980003 1.3970692, 103.8987615 1.3985223)",yard
530,2274880250,2274879665,0,218215447,yes,False,120.544,"LINESTRING (103.9039999 1.4005395, 103.9049752 1.4000656)",
531,2274880250,2274881297,0,218215447,yes,False,219.863,"LINESTRING (103.9039999 1.4005395, 103.902226 1.401414)",
532,1839722236,242967218,0,173144843,yes,False,17.499,"LINESTRING (103.8967609 1.3955553, 103.8966035 1.395553)",yard
533,1839722236,1839722238,0,173144843,yes,False,16.353,"LINESTRING (103.8967609 1.3955553, 103.896906 1.3955795)",yard
534,1839722238,1839722236,0,173144843,yes,False,16.353,"LINESTRING (103.896906 1.3955795, 103.8967609 1.3955553)",yard
535,1839722238,1839722241,0,173144843,yes,False,18.655,"LINESTRING (103.896906 1.3955795, 103.8970631 1.3956385)",yard
536,2274884353,2274884607,0,218215447,yes,False,89.608,"LINESTRING (103.9081329 1.4055386, 103.9074971 1.406034)",
537,2274884353,4285849806,0,218215447,yes,False,32.106,"LINESTRING (103.9081329 1.4055386, 103.9083654 1.4053673)",
538,1839722241,1839722238,0,173144843,yes,False,18.655,"LINESTRING (103.8970631 1.3956385, 103.896906 1.3955795)",yard
539,1839722241,242967233,0,173144843,yes,False,20.129,"LINESTRING (103.8970631 1.3956385, 103.8972168 1.3957342)",yard
540,2274879233,2274878487,0,218215447,yes,False,75.659,"LINESTRING (103.9054789 1.399799, 103.9060328 1.3994036)",
541,2274879233,2274879665,0,218215447,yes,False,63.356,"LINESTRING (103.9054789 1.399799, 103.9049752 1.4000656)",
542,1839722243,1839722249,0,173144841,yes,False,22.955,"LINESTRING (103.8968 1.3956487, 103.8970037 1.3956826)",yard
543,1839722243,1839722247,0,173144841,yes,False,26.429,"LINESTRING (103.8968 1.3956487, 103.896564 1.3956775)",yard
544,2274884357,6587709457,0,218215444,yes,False,50.425,"LINESTRING (103.9026898 1.4055467, 103.9024702 1.4051499)",
545,2274884357,2274884573,0,218215444,yes,False,41.641,"LINESTRING (103.9026898 1.4055467, 103.9027954 1.405906)",
546,1839722247,1839722243,0,173144841,yes,False,26.429,"LINESTRING (103.896564 1.3956775, 103.8968 1.3956487)",yard
547,1839722247,1839722259,0,173144841,yes,False,154.857,"LINESTRING (103.896564 1.3956775, 103.8952092 1.3960017)",yard
548,1839722249,1839722253,0,173144841,yes,False,24.821,"LINESTRING (103.8970037 1.3956826, 103.8971938 1.3957997)",yard
549,1839722249,1839722243,0,173144841,yes,False,22.955,"LINESTRING (103.8970037 1.3956826, 103.8968 1.3956487)",yard
550,2274884362,2274884034,0,173144832,yes,False,66.552,"LINESTRING (103.8973393 1.4055535, 103.8971667 1.4049804)",
551,2274884362,411102721,0,173144832,yes,False,53.184,"LINESTRING (103.8973393 1.4055535, 103.8974846 1.4060092)",
552,5256652555,411102704,0,173144841,yes,False,4.466,"LINESTRING (103.8999751 1.4021099, 103.8999462 1.4021378)",yard
553,5256652555,411102702,0,173144841,yes,False,22.063,"LINESTRING (103.8999751 1.4021099, 103.9001179 1.4019721)",yard
554,1839722253,2274874241,0,173144841,yes,False,16.701,"LINESTRING (103.8971938 1.3957997, 103.8972902 1.3959149)",yard
555,1839722253,1839722249,0,173144841,yes,False,24.821,"LINESTRING (103.8971938 1.3957997, 103.8970037 1.3956826)",yard
556,1839722255,2274924964,0,173144843,yes,False,76.645,"LINESTRING (103.8952757 1.3958525, 103.894615 1.3960496)",yard
557,1839722255,242967218,0,173144843,yes,False,151.311,"LINESTRING (103.8952757 1.3958525, 103.8966035 1.395553)",yard
558,2274881297,2274880250,0,218215447,yes,False,219.863,"LINESTRING (103.902226 1.401414, 103.9039999 1.4005395)",
559,2274881297,2274881393,0,218215447,yes,False,42.398,"LINESTRING (103.902226 1.401414, 103.9018846 1.401584)",
560,1839722259,1839722247,0,173144841,yes,False,154.857,"LINESTRING (103.8952092 1.3960017, 103.896564 1.3956775)",yard
561,1839722259,2274924965,0,173144841,yes,False,52.827,"LINESTRING (103.8952092 1.3960017, 103.8947548 1.3961408)",yard
562,1839722261,242967277,0,173144841,yes,False,38.489,"LINESTRING (103.8973814 1.3960468, 103.8975477 1.3963504)",yard
563,1839722261,2274874241,0,173144841,yes,False,17.829,"LINESTRING (103.8973814 1.3960468, 103.8972902 1.3959149)",yard
564,2274884379,2274884602,0,173144836,yes,False,51.782,"LINESTRING (103.8972466 1.4055792, 103.8973899 1.4060223)",
565,2274884379,2274884044,0,173144836,yes,False,66.518,"LINESTRING (103.8972466 1.4055792, 103.8970791 1.4050049)",
566,2274883357,2274883439,0,173144832,yes,False,21.21,"LINESTRING (103.9014852 1.4037978, 103.9016149 1.4039377)",
567,2274883357,2274882434,0,173144832,yes,False,126.541,"LINESTRING (103.9014852 1.4037978, 103.9009349 1.4028016)",
568,1839722271,242964669,0,173144843,yes,False,24.43,"LINESTRING (103.8945043 1.3960723, 103.8942862 1.3960993)",yard
569,1839722271,2274924964,0,173144843,yes,False,12.562,"LINESTRING (103.8945043 1.3960723, 103.894615 1.3960496)",yard
570,1839722272,1839722273,0,173144841,yes,False,35.845,"LINESTRING (103.8943293 1.3961841, 103.894651 1.396162)",yard
571,2274882337,2274882752,0,218215447,yes,False,77.176,"LINESTRING (103.9120296 1.4027366, 103.9114899 1.4031732)",
572,2274882337,2274881889,0,218215447,yes,False,107.285,"LINESTRING (103.9120296 1.4027366, 103.9128156 1.4021767)",
573,1839722273,2274924965,0,173144841,yes,False,11.777,"LINESTRING (103.894651 1.396162, 103.8947548 1.3961408)",yard
574,1839722273,1839722272,0,173144841,yes,False,35.845,"LINESTRING (103.894651 1.396162, 103.8943293 1.3961841)",yard
575,1839722275,2274875333,0,218215448,yes,False,27.912,"LINESTRING (103.9182171 1.3976465, 103.9181573 1.3974027)",
576,1839722275,411686462,0,218215448,yes,False,27.888,"LINESTRING (103.9182171 1.3976465, 103.9182295 1.397897)",
577,1839722276,411686462,0,218215448,yes,False,25.462,"LINESTRING (103.9181859 1.3981218, 103.9182295 1.397897)",
578,1839722276,411686461,0,218215448,yes,False,21.662,"LINESTRING (103.9181859 1.3981218, 103.9181126 1.3983023)",
579,1839722277,411686461,0,218215448,yes,False,19.43,"LINESTRING (103.9180155 1.3984476, 103.9181126 1.3983023)",
580,1839722277,1839722278,0,218215448,yes,False,21.373,"LINESTRING (103.9180155 1.3984476, 103.9178844 1.3985882)",
581,242967334,242967350,0,173144841,yes,False,45.145,"LINESTRING (103.8985281 1.3981906, 103.8987239 1.3985463)",yard
582,242967334,2274875620,0,173144841,yes,False,39.83,"LINESTRING (103.8985281 1.3981906, 103.8983275 1.3978938)",yard
583,1839722278,1839722277,0,218215448,yes,False,21.373,"LINESTRING (103.9178844 1.3985882, 103.9180155 1.3984476)",
584,1839722278,1839722279,0,218215448,yes,False,28.209,"LINESTRING (103.9178844 1.3985882, 103.9176878 1.3987486)",
585,1839722279,1839722278,0,218215448,yes,False,28.209,"LINESTRING (103.9176878 1.3987486, 103.9178844 1.3985882)",
586,1839722279,2274878319,0,218215448,yes,False,90.707,"LINESTRING (103.9176878 1.3987486, 103.9170334 1.3992359)",
587,1839722280,411102713,0,173144832,yes,False,17.166,"LINESTRING (103.897014 1.4036187, 103.8971042 1.4034934)",
588,1839722280,411102715,0,173144832,yes,False,17.537,"LINESTRING (103.897014 1.4036187, 103.8969517 1.4037636)",
589,2274884395,2274884080,0,218215448,yes,False,87.937,"LINESTRING (103.9081781 1.4056214, 103.9088171 1.4051552)",
590,2274884395,411686455,0,218215448,yes,False,89.007,"LINESTRING (103.9081781 1.4056214, 103.9075124 1.4060662)",
591,2274882348,2274882210,0,218215447,yes,False,18.325,"LINESTRING (103.9010537 1.4027482, 103.9009932 1.4025949)",
592,2274882348,2274883438,0,218215447,yes,False,151.263,"LINESTRING (103.9010537 1.4027482, 103.9017148 1.4039372)",
593,242967350,2274881168,0,173144841,yes,False,332.416,"LINESTRING (103.8987239 1.3985463, 103.9001598 1.4011686)",yard
594,242967350,242967334,0,173144841,yes,False,45.145,"LINESTRING (103.8987239 1.3985463, 103.8985281 1.3981906)",yard
595,1167584060,1712357030,0,173144832,yes,False,28.45,"LINESTRING (103.90727 1.4164667, 103.9070567 1.4166081)",
596,1167584060,2274884971,0,173144832,yes,False,18.422,"LINESTRING (103.90727 1.4164667, 103.9073933 1.416356)",
597,1167584063,2274884971,0,173144832,yes,False,26.575,"LINESTRING (103.9075546 1.4161796, 103.9073933 1.416356)",
598,1167584063,2274884962,0,173144832,yes,False,18.58,"LINESTRING (103.9075546 1.4161796, 103.9076404 1.4160362)",
599,1167584068,2274884962,0,173144832,yes,False,24.026,"LINESTRING (103.9077253 1.4158375, 103.9076404 1.4160362)",
600,1167584068,2274884955,0,173144832,yes,False,20.871,"LINESTRING (103.9077253 1.4158375, 103.9077576 1.4156526)",
601,1167584069,2274884948,0,173144832,yes,False,32.905,"LINESTRING (103.9076678 1.4149117, 103.907753 1.4151951)",
602,1167584069,411102758,0,173144832,yes,False,41.974,"LINESTRING (103.9076678 1.4149117, 103.9075046 1.4145713)",
603,7114440518,2274884966,0,173144836,yes,False,29.891,"LINESTRING (103.9021003 1.4159493, 103.902274 1.4161545)",
604,7114440518,2274884959,0,173144836,yes,False,25.291,"LINESTRING (103.9021003 1.4159493, 103.9019533 1.4157757)",
605,7114440519,1712357001,0,173144832,yes,False,22.694,"LINESTRING (103.9021722 1.4158934, 103.9020426 1.4157357)",
606,7114440519,411102735,0,173144832,yes,False,29.305,"LINESTRING (103.9021722 1.4158934, 103.9023396 1.416097)",
607,2274874212,242967233,0,173144843,yes,False,19.168,"LINESTRING (103.8973249 1.3958685, 103.8972168 1.3957342)",yard
608,2274874212,2274874316,0,173144843,yes,False,19.491,"LINESTRING (103.8973249 1.3958685, 103.8974136 1.3960197)",yard
609,2274882410,2274883439,0,218215448,yes,False,147.251,"LINESTRING (103.9009723 1.4027797, 103.9016149 1.4039377)",
610,2274882410,2274882207,0,218215448,yes,False,22.031,"LINESTRING (103.9009723 1.4027797, 103.9009071 1.4025926)",
611,2274875243,2274875340,0,218215447,yes,False,19.572,"LINESTRING (103.9180273 1.397257, 103.9181057 1.3974146)",
612,2274875243,2274873995,0,218215447,yes,False,224.337,"LINESTRING (103.9180273 1.397257, 103.9168561 1.395614)",
613,2274883438,2274883134,0,173144836,yes,False,33.426,"LINESTRING (103.9017148 1.4039372, 103.9016317 1.4036483)",
614,2274883438,2274883752,0,218215444,yes,False,57.143,"LINESTRING (103.9017148 1.4039372, 103.9019645 1.4043864)",
615,2274883438,2274882348,0,218215447,yes,False,151.263,"LINESTRING (103.9017148 1.4039372, 103.9010537 1.4027482)",
616,2274878319,1839722279,0,218215448,yes,False,90.707,"LINESTRING (103.9170334 1.3992359, 103.9176878 1.3987486)",
617,2274878319,1839721821,0,218215448,yes,False,58.952,"LINESTRING (103.9170334 1.3992359, 103.9166075 1.3995518)",
618,2274883439,2274883357,0,173144832,yes,False,21.21,"LINESTRING (103.9016149 1.4039377, 103.9014852 1.4037978)",
619,2274883439,2274883772,0,218215445,yes,False,61.546,"LINESTRING (103.9016149 1.4039377, 103.9018835 1.4044217)",
620,2274883439,2274882410,0,218215448,yes,False,147.251,"LINESTRING (103.9016149 1.4039377, 103.9009723 1.4027797)",
621,2274881393,2274881297,0,218215447,yes,False,42.398,"LINESTRING (103.9018846 1.401584, 103.902226 1.401414)",
622,2274881393,2274881651,0,218215447,yes,False,66.54,"LINESTRING (103.9018846 1.401584, 103.9013526 1.4018583)",
623,2274872182,1839721776,0,218215448,yes,False,67.798,"LINESTRING (103.9129659 1.393569, 103.9124907 1.3939512)",
624,2274872182,2274872011,0,218215448,yes,False,46.983,"LINESTRING (103.9129659 1.393569, 103.9133086 1.3933217)",
625,411686774,411686469,0,218215448,yes,False,17.611,"LINESTRING (103.914161 1.3927763, 103.9140083 1.3928185)",
626,411686774,2274871698,0,218215448,yes,False,18.524,"LINESTRING (103.914161 1.3927763, 103.9143261 1.3927537)",
627,2274872186,2274872290,0,218215447,yes,False,45.712,"LINESTRING (103.9154029 1.393586, 103.9156439 1.3939191)",
628,2274872186,2274872007,0,218215447,yes,False,37.736,"LINESTRING (103.9154029 1.393586, 103.9151979 1.3933155)",
629,2274883456,411102715,0,173144832,yes,False,24.04,"LINESTRING (103.8969103 1.4039758, 103.8969517 1.4037636)",
630,2274883456,411102718,0,173144832,yes,False,22.23,"LINESTRING (103.8969103 1.4039758, 103.8969466 1.4041724)",
631,2274874241,1839722261,0,173144841,yes,False,17.829,"LINESTRING (103.8972902 1.3959149, 103.8973814 1.3960468)",yard
632,2274874241,1839722253,0,173144841,yes,False,16.701,"LINESTRING (103.8972902 1.3959149, 103.8971938 1.3957997)",yard
633,2274882434,2274883357,0,173144832,yes,False,126.541,"LINESTRING (103.9009349 1.4028016, 103.9014852 1.4037978)",
634,2274882434,2274882241,0,173144832,yes,False,23.782,"LINESTRING (103.9009349 1.4028016, 103.900802 1.402634)",
635,2274875267,2274874856,0,218215447,yes,False,106.49,"LINESTRING (103.9085976 1.3973005, 103.9093106 1.3966609)",
636,2274875267,2274875509,0,218215447,yes,False,77.302,"LINESTRING (103.9085976 1.3973005, 103.9080459 1.3977237)",
637,2274883463,2274883603,0,173144836,yes,False,22.839,"LINESTRING (103.8968137 1.4039861, 103.8968498 1.4041883)",
638,2274883463,2274883267,0,173144836,yes,False,26.77,"LINESTRING (103.8968137 1.4039861, 103.8968382 1.4037466)",
639,2274872200,2274872054,0,218215447,yes,False,46.515,"LINESTRING (103.9130235 1.3936325, 103.9133323 1.3933502)",
640,2274872200,2274872331,0,218215447,yes,False,68.867,"LINESTRING (103.9130235 1.3936325, 103.9125485 1.3940301)",
641,2274882440,411686458,0,218215448,yes,False,107.509,"LINESTRING (103.9120932 1.4028062, 103.9128752 1.4022373)",
642,2274882440,2274882786,0,218215448,yes,False,78.615,"LINESTRING (103.9120932 1.4028062, 103.9115091 1.4032048)",
643,5843925904,2274884988,0,601849934,yes,False,10.031,"LINESTRING (103.9064079 1.4170203, 103.9064912 1.4169856)",
644,5843925904,4946665704,0,601849934,yes,False,22.622,"LINESTRING (103.9064079 1.4170203, 103.9062269 1.4171133)",
645,2274874260,2274874503,0,218215443,yes,False,28.301,"LINESTRING (103.9100725 1.3959432, 103.9099102 1.3961393)",
646,2274874260,2274874973,0,218215448,yes,False,159.026,"LINESTRING (103.9100725 1.3959432, 103.9089612 1.3968438)",
647,2274874260,411686018,0,218215448,yes,False,142.343,"LINESTRING (103.9100725 1.3959432, 103.9110583 1.3951262)",
648,5379987371,5379987376,0,173144836,yes,False,6.602,"LINESTRING (103.9041423 1.4173628, 103.9041977 1.4173842)",
649,5379987371,2274885001,0,173144836,yes,False,3.303,"LINESTRING (103.9041423 1.4173628, 103.9041162 1.4173486)",
650,6532012974,2274884868,0,601849934,yes,False,151.947,"LINESTRING (103.9070486 1.4134907, 103.9064437 1.4122653)",
651,6532012974,2274884874,0,601849934,yes,False,128.824,"LINESTRING (103.9070486 1.4134907, 103.9075719 1.4145244)",
652,6532012975,2274884820,0,601849934,yes,False,166.828,"LINESTRING (103.9045758 1.4090893, 103.9038273 1.4077889)",
653,6532012975,2274884858,0,601849934,yes,False,98.783,"LINESTRING (103.9045758 1.4090893, 103.905019 1.4098593)",
654,6532012975,6532012976,0,695617197,yes,False,17.492,"LINESTRING (103.9045758 1.4090893, 103.904475 1.4089685)",crossover
655,6532012976,6532012975,0,695617197,yes,False,17.492,"LINESTRING (103.904475 1.4089685, 103.9045758 1.4090893)",crossover
656,6532012976,6532012978,0,695617197,yes,False,29.623,"LINESTRING (103.904475 1.4089685, 103.9042819 1.4087849)",crossover
657,6532012977,6532012981,0,695617198,yes,False,26.176,"LINESTRING (103.9044642 1.4090704, 103.9046017 1.4092615)",yard
658,6532012977,6532012978,0,695617198,yes,False,37.663,"LINESTRING (103.9044642 1.4090704, 103.9042819 1.4087849)",yard
659,6532012978,6532012976,0,695617197,yes,False,29.623,"LINESTRING (103.9042819 1.4087849, 103.904475 1.4089685)",crossover
660,6532012978,6532012977,0,695617198,yes,False,37.663,"LINESTRING (103.9042819 1.4087849, 103.9044642 1.4090704)",yard
661,6532012978,6532012979,0,695617198,yes,False,27.415,"LINESTRING (103.9042819 1.4087849, 103.9041652 1.4085677)",yard
662,6532012979,6532012978,0,695617198,yes,False,27.415,"LINESTRING (103.9041652 1.4085677, 103.9042819 1.4087849)",yard
663,6532012979,6532012980,0,695617198,yes,False,29.753,"LINESTRING (103.9041652 1.4085677, 103.9040525 1.408325)",yard
664,6532012980,6532012979,0,695617198,yes,False,29.753,"LINESTRING (103.9040525 1.408325, 103.9041652 1.4085677)",yard
665,6532012980,6532027386,0,695617198,yes,False,29.683,"LINESTRING (103.9040525 1.408325, 103.9039573 1.4080756)",yard
666,6532012981,411102763,0,173144832,yes,False,59.208,"LINESTRING (103.9046017 1.4092615, 103.9048658 1.4097239)",
667,6532012981,6532012982,0,173144832,yes,False,33.849,"LINESTRING (103.9046017 1.4092615, 103.9043925 1.4090403)",
668,6532012981,6532012977,0,695617198,yes,False,26.176,"LINESTRING (103.9046017 1.4092615, 103.9044642 1.4090704)",yard
669,6532012982,6532012981,0,173144832,yes,False,33.849,"LINESTRING (103.9043925 1.4090403, 103.9046017 1.4092615)",
670,6532012982,6532012983,0,173144832,yes,False,58.97,"LINESTRING (103.9043925 1.4090403, 103.9041367 1.4085757)",
671,6532012983,6532012982,0,173144832,yes,False,58.97,"LINESTRING (103.9041367 1.4085757, 103.9043925 1.4090403)",
672,6532012983,6532012984,0,173144832,yes,False,29.383,"LINESTRING (103.9041367 1.4085757, 103.9040294 1.4083342)",
673,6532012984,6532012983,0,173144832,yes,False,29.383,"LINESTRING (103.9040294 1.4083342, 103.9041367 1.4085757)",
674,6532012984,6532027385,0,173144832,yes,False,29.906,"LINESTRING (103.9040294 1.4083342, 103.9039384 1.4080811)",
675,5379987376,2274885007,0,173144836,yes,False,24.46,"LINESTRING (103.9041977 1.4173842, 103.9044077 1.4174499)",
676,5379987376,5379987371,0,173144836,yes,False,6.602,"LINESTRING (103.9041977 1.4173842, 103.9041423 1.4173628)",
677,5379987383,4946665704,0,173144836,yes,False,12.734,"LINESTRING (103.9061235 1.4171626, 103.9062269 1.4171133)",
678,5379987383,2274884992,0,173144836,yes,False,14.152,"LINESTRING (103.9061235 1.4171626, 103.9060086 1.4172174)",
679,2274881467,2274881889,0,218215447,yes,False,91.438,"LINESTRING (103.9134932 1.4017105, 103.9128156 1.4021767)",
680,2274881467,2274880211,0,218215447,yes,False,232.743,"LINESTRING (103.9134932 1.4017105, 103.9151945 1.4004905)",
681,2274882492,2274882141,0,173144832,yes,False,123.977,"LINESTRING (103.8986071 1.4028717, 103.8996596 1.4025029)",
682,2274882492,2274882753,0,173144832,yes,False,101.88,"LINESTRING (103.8986071 1.4028717, 103.8977422 1.4031748)",
683,2274882492,2274882519,0,218215437,yes,False,27.475,"LINESTRING (103.8986071 1.4028717, 103.8983604 1.4028868)",
684,2274876348,2274876505,0,218215447,yes,False,19.042,"LINESTRING (103.9180847 1.3982851, 103.9179891 1.3984272)",
685,2274876348,2274875914,0,218215447,yes,False,19.727,"LINESTRING (103.9180847 1.3982851, 103.9181457 1.3981185)",
686,2274875333,411686463,0,218215448,yes,False,27.369,"LINESTRING (103.9181573 1.3974027, 103.9180297 1.3971922)",
687,2274875333,1839722275,0,218215448,yes,False,27.912,"LINESTRING (103.9181573 1.3974027, 103.9182171 1.3976465)",
688,2274874316,2274874212,0,173144843,yes,False,19.491,"LINESTRING (103.8974136 1.3960197, 103.8973249 1.3958685)",yard
689,2274874316,2274874620,0,173144843,yes,False,40.51,"LINESTRING (103.8974136 1.3960197, 103.8975878 1.3963397)",yard
690,2274874317,2274873645,0,218215447,yes,False,143.155,"LINESTRING (103.9101243 1.396021, 103.9111185 1.3952027)",
691,2274874317,2274874856,0,218215447,yes,False,115.085,"LINESTRING (103.9101243 1.396021, 103.9093106 1.3966609)",
692,2274875340,2274875469,0,218215447,yes,False,27.959,"LINESTRING (103.9181057 1.3974146, 103.9181794 1.397655)",
693,2274875340,2274875243,0,218215447,yes,False,19.572,"LINESTRING (103.9181057 1.3974146, 103.9180273 1.397257)",
694,2274882519,2274882492,0,218215437,yes,False,27.475,"LINESTRING (103.8983604 1.4028868, 103.8986071 1.4028717)",
695,2274882519,411102710,0,218215439,yes,False,25.692,"LINESTRING (103.8983604 1.4028868, 103.8985451 1.4027479)",
696,2274882519,2274882628,0,218215440,yes,False,50.535,"LINESTRING (103.8983604 1.4028868, 103.8979304 1.4030343)",
697,2274884573,2274884357,0,218215444,yes,False,41.641,"LINESTRING (103.9027954 1.405906, 103.9026898 1.4055467)",
698,2274884573,2274884782,0,218215444,yes,False,141.5,"LINESTRING (103.9027954 1.405906, 103.9034045 1.4070234)",
699,2274872287,411686466,0,218215448,yes,False,49.505,"LINESTRING (103.915698 1.3939153, 103.9154338 1.3935569)",
700,2274872287,2274872498,0,218215448,yes,False,68.341,"LINESTRING (103.915698 1.3939153, 103.9160716 1.3944034)",
701,2274872290,2274872534,0,218215447,yes,False,70.575,"LINESTRING (103.9156439 1.3939191, 103.9159801 1.3944575)",
702,2274872290,2274872186,0,218215447,yes,False,45.712,"LINESTRING (103.9156439 1.3939191, 103.9154029 1.393586)",
703,411686901,411686567,0,218215448,yes,False,24.58,"LINESTRING (103.9148481 1.3929112, 103.9146511 1.3928108)",
704,411686901,2274871799,0,218215448,yes,False,13.621,"LINESTRING (103.9148481 1.3929112, 103.914951 1.3929777)",
705,2274884600,2274884681,0,218215445,yes,False,44.54,"LINESTRING (103.9027672 1.4060174, 103.9029617 1.4063676)",
706,2274884600,411102765,0,218215445,yes,False,56.158,"LINESTRING (103.9027672 1.4060174, 103.9024307 1.4056407)",
707,6532027385,6532012984,0,173144832,yes,False,29.906,"LINESTRING (103.9039384 1.4080811, 103.9040294 1.4083342)",
708,6532027385,411102764,0,173144832,yes,False,93.952,"LINESTRING (103.9039384 1.4080811, 103.903494 1.4073624)",
709,2274884602,2274884731,0,173144836,yes,False,61.726,"LINESTRING (103.8973899 1.4060223, 103.8975939 1.4065386)",
710,2274884602,2274884379,0,173144836,yes,False,51.782,"LINESTRING (103.8973899 1.4060223, 103.8972466 1.4055792)",
711,6532027387,6532027386,0,695617198,yes,False,218.51,"LINESTRING (103.9029971 1.4063609, 103.9039573 1.4080756)",yard
712,6532027387,6532027388,0,695617198,yes,False,71.39,"LINESTRING (103.9029971 1.4063609, 103.9026886 1.4057978)",yard
713,6532027388,6532027387,0,695617198,yes,False,71.39,"LINESTRING (103.9026886 1.4057978, 103.9029971 1.4063609)",yard
714,2274884607,2274884762,0,218215447,yes,False,151.362,"LINESTRING (103.9074971 1.406034, 103.9063761 1.4068067)",
715,2274884607,2274884353,0,218215447,yes,False,89.608,"LINESTRING (103.9074971 1.406034, 103.9081329 1.4055386)",
